CREATE TABLE IF NOT EXISTS `Team` (
  `teamId` int(11) NOT NULL,
  `teamName` varchar(20) NOT NULL,
  PRIMARY KEY (`teamId`)
) ENGINE=InnoDB DEFAULT CHARSET=latin1;
INSERT INTO `Team` (teamId, teamName) VALUES("9","Broncos");
INSERT INTO `Team` (teamId, teamName) VALUES("17","Vikings");
INSERT INTO `Team` (teamId, teamName) VALUES("5","Bears");
INSERT INTO `Team` (teamId, teamName) VALUES("1","Falcons");
INSERT INTO `Team` (teamId, teamName) VALUES("19","Saints");
INSERT INTO `Team` (teamId, teamName) VALUES("25","Chargers");
INSERT INTO `Team` (teamId, teamName) VALUES("22","Raiders");
INSERT INTO `Team` (teamId, teamName) VALUES("10","Lions");
INSERT INTO `Team` (teamId, teamName) VALUES("23","Eagles");
INSERT INTO `Team` (teamId, teamName) VALUES("7","Browns");
INSERT INTO `Team` (teamId, teamName) VALUES("24","Steelers");
INSERT INTO `Team` (teamId, teamName) VALUES("20","Giants");
INSERT INTO `Team` (teamId, teamName) VALUES("29","Buccaneers");
INSERT INTO `Team` (teamId, teamName) VALUES("0","Cardinals");
INSERT INTO `Team` (teamId, teamName) VALUES("6","Bengals");
INSERT INTO `Team` (teamId, teamName) VALUES("15","Chiefs");
INSERT INTO `Team` (teamId, teamName) VALUES("14","Jaguars");
INSERT INTO `Team` (teamId, teamName) VALUES("27","Seahawks");
INSERT INTO `Team` (teamId, teamName) VALUES("21","Jets");
INSERT INTO `Team` (teamId, teamName) VALUES("2","Ravens");
INSERT INTO `Team` (teamId, teamName) VALUES("13","Colts");
INSERT INTO `Team` (teamId, teamName) VALUES("11","Packers");
INSERT INTO `Team` (teamId, teamName) VALUES("16","Dolphins");
INSERT INTO `Team` (teamId, teamName) VALUES("30","Titans");
INSERT INTO `Team` (teamId, teamName) VALUES("28","Rams");
INSERT INTO `Team` (teamId, teamName) VALUES("3","Bills");
INSERT INTO `Team` (teamId, teamName) VALUES("12","Texans");
INSERT INTO `Team` (teamId, teamName) VALUES("26","49ers");
INSERT INTO `Team` (teamId, teamName) VALUES("18","Patriots");
INSERT INTO `Team` (teamId, teamName) VALUES("8","Cowboys");
INSERT INTO `Team` (teamId, teamName) VALUES("4","Panthers");
INSERT INTO `Team` (teamId, teamName) VALUES("31","Redskins");
CREATE TABLE  `Tickets` (
  `ticketsId` int(11) NOT NULL,
  `home` int(11) NOT NULL,
  `away` int(11) NOT NULL,
  PRIMARY KEY (`ticketsId`)
) ENGINE=InnoDB DEFAULT CHARSET=latin1;
ALTER TABLE `Tickets` ADD FOREIGN KEY (`away`) references Team(`teamId`);
ALTER TABLE `Tickets` ADD FOREIGN KEY (`home`) references Team(`teamId`);
INSERT INTO `Tickets` (ticketsId, home, away) VALUES("0","26","31");
INSERT INTO `Tickets` (ticketsId, home, away) VALUES("1","17","3");
INSERT INTO `Tickets` (ticketsId, home, away) VALUES("2","28","1");
INSERT INTO `Tickets` (ticketsId, home, away) VALUES("3","17","2");
INSERT INTO `Tickets` (ticketsId, home, away) VALUES("4","11","16");
INSERT INTO `Tickets` (ticketsId, home, away) VALUES("5","16","0");
INSERT INTO `Tickets` (ticketsId, home, away) VALUES("6","30","16");
INSERT INTO `Tickets` (ticketsId, home, away) VALUES("7","30","3");
INSERT INTO `Tickets` (ticketsId, home, away) VALUES("8","20","5");
INSERT INTO `Tickets` (ticketsId, home, away) VALUES("9","31","16");
INSERT INTO `Tickets` (ticketsId, home, away) VALUES("10","2","22");
INSERT INTO `Tickets` (ticketsId, home, away) VALUES("11","1","31");
INSERT INTO `Tickets` (ticketsId, home, away) VALUES("12","4","5");
INSERT INTO `Tickets` (ticketsId, home, away) VALUES("13","24","14");
INSERT INTO `Tickets` (ticketsId, home, away) VALUES("14","5","7");
INSERT INTO `Tickets` (ticketsId, home, away) VALUES("15","28","10");
INSERT INTO `Tickets` (ticketsId, home, away) VALUES("16","8","30");
INSERT INTO `Tickets` (ticketsId, home, away) VALUES("17","9","26");
INSERT INTO `Tickets` (ticketsId, home, away) VALUES("18","30","5");
INSERT INTO `Tickets` (ticketsId, home, away) VALUES("19","3","14");
INSERT INTO `Tickets` (ticketsId, home, away) VALUES("20","7","0");
INSERT INTO `Tickets` (ticketsId, home, away) VALUES("21","24","30");
INSERT INTO `Tickets` (ticketsId, home, away) VALUES("22","31","5");
INSERT INTO `Tickets` (ticketsId, home, away) VALUES("23","14","11");
INSERT INTO `Tickets` (ticketsId, home, away) VALUES("24","16","27");
INSERT INTO `Tickets` (ticketsId, home, away) VALUES("25","5","22");
INSERT INTO `Tickets` (ticketsId, home, away) VALUES("26","19","8");
INSERT INTO `Tickets` (ticketsId, home, away) VALUES("27","18","29");
INSERT INTO `Tickets` (ticketsId, home, away) VALUES("28","25","15");
INSERT INTO `Tickets` (ticketsId, home, away) VALUES("29","12","30");
INSERT INTO `Tickets` (ticketsId, home, away) VALUES("30","17","19");
INSERT INTO `Tickets` (ticketsId, home, away) VALUES("31","21","3");
INSERT INTO `Tickets` (ticketsId, home, away) VALUES("32","13","15");
INSERT INTO `Tickets` (ticketsId, home, away) VALUES("33","19","31");
INSERT INTO `Tickets` (ticketsId, home, away) VALUES("34","11","6");
INSERT INTO `Tickets` (ticketsId, home, away) VALUES("35","4","19");
INSERT INTO `Tickets` (ticketsId, home, away) VALUES("36","20","29");
INSERT INTO `Tickets` (ticketsId, home, away) VALUES("37","8","30");
INSERT INTO `Tickets` (ticketsId, home, away) VALUES("38","7","4");
INSERT INTO `Tickets` (ticketsId, home, away) VALUES("39","19","26");
CREATE TABLE IF NOT EXISTS `Player` (
  `playerId` int(11) NOT NULL,
  `playerName` varchar(50) NOT NULL,
  `position` varchar(5) NOT NULL,
  `teamId` int(11) NOT NULL,
  PRIMARY KEY (`playerId`),
  KEY `teamId` (`teamId`)
) ENGINE=InnoDB DEFAULT CHARSET=latin1;
INSERT INTO `Player` (playerId, playerName, position, teamId) VALUES("0","Tyler Lockett","WR","27");
INSERT INTO `Player` (playerId, playerName, position, teamId) VALUES("1","Tony Washington","WR","14");
INSERT INTO `Player` (playerId, playerName, position, teamId) VALUES("2","Deonte Thompson","WR","3");
INSERT INTO `Player` (playerId, playerName, position, teamId) VALUES("3","DiAndre Campbell","WR","26");
INSERT INTO `Player` (playerId, playerName, position, teamId) VALUES("4","Martavis Bryant","WR","24");
INSERT INTO `Player` (playerId, playerName, position, teamId) VALUES("5","Rashad Jennings","RB","20");
INSERT INTO `Player` (playerId, playerName, position, teamId) VALUES("6","Trey Williams","RB","31");
INSERT INTO `Player` (playerId, playerName, position, teamId) VALUES("7","Golden Tate","WR","10");
INSERT INTO `Player` (playerId, playerName, position, teamId) VALUES("8","Harold Spears","TE","11");
INSERT INTO `Player` (playerId, playerName, position, teamId) VALUES("9","Milton Williams","WR","22");
INSERT INTO `Player` (playerId, playerName, position, teamId) VALUES("10","Josh Boyce","WR","18");
INSERT INTO `Player` (playerId, playerName, position, teamId) VALUES("11","Jalston Fowler","RB","30");
INSERT INTO `Player` (playerId, playerName, position, teamId) VALUES("12","Matthew Slater","WR","18");
INSERT INTO `Player` (playerId, playerName, position, teamId) VALUES("13","Jeff Janis","WR","11");
INSERT INTO `Player` (playerId, playerName, position, teamId) VALUES("14","Ty Long","K","31");
INSERT INTO `Player` (playerId, playerName, position, teamId) VALUES("15","Jerome Simpson","WR","26");
INSERT INTO `Player` (playerId, playerName, position, teamId) VALUES("16","Nick Novak","K","25");
INSERT INTO `Player` (playerId, playerName, position, teamId) VALUES("17","Corey Fuller","WR","10");
INSERT INTO `Player` (playerId, playerName, position, teamId) VALUES("18","Jeremy Ross","WR","10");
INSERT INTO `Player` (playerId, playerName, position, teamId) VALUES("19","Donte Foster","WR","17");
INSERT INTO `Player` (playerId, playerName, position, teamId) VALUES("20","Taylor Heinicke","QB","17");
INSERT INTO `Player` (playerId, playerName, position, teamId) VALUES("21","Will Tye","TE","20");
INSERT INTO `Player` (playerId, playerName, position, teamId) VALUES("22","Emil Igwenagu","RB","10");
INSERT INTO `Player` (playerId, playerName, position, teamId) VALUES("23","Brandon Coleman","WR","19");
INSERT INTO `Player` (playerId, playerName, position, teamId) VALUES("24","Dorial Green-Beckham","WR","30");
INSERT INTO `Player` (playerId, playerName, position, teamId) VALUES("25","Donatella Luckett","WR","15");
INSERT INTO `Player` (playerId, playerName, position, teamId) VALUES("26","Tavon Austin","WR","28");
INSERT INTO `Player` (playerId, playerName, position, teamId) VALUES("27","Kevin Brock","TE","19");
INSERT INTO `Player` (playerId, playerName, position, teamId) VALUES("28","Dreamius Smith","RB","25");
INSERT INTO `Player` (playerId, playerName, position, teamId) VALUES("29","Darren Sproles","RB","23");
INSERT INTO `Player` (playerId, playerName, position, teamId) VALUES("30","Ricardo Lockette","WR","27");
INSERT INTO `Player` (playerId, playerName, position, teamId) VALUES("31","Aaron Rodgers","QB","11");
INSERT INTO `Player` (playerId, playerName, position, teamId) VALUES("32","Darrel Young","RB","31");
INSERT INTO `Player` (playerId, playerName, position, teamId) VALUES("33","Odell Beckham","WR","20");
INSERT INTO `Player` (playerId, playerName, position, teamId) VALUES("34","Dominique Williams","RB","17");
INSERT INTO `Player` (playerId, playerName, position, teamId) VALUES("35","Rashad Lawrence","WR","5");
INSERT INTO `Player` (playerId, playerName, position, teamId) VALUES("36","Brock Osweiler","QB","9");
INSERT INTO `Player` (playerId, playerName, position, teamId) VALUES("37","Mychal Rivera","TE","22");
INSERT INTO `Player` (playerId, playerName, position, teamId) VALUES("38","Matt Hasselbeck","QB","13");
INSERT INTO `Player` (playerId, playerName, position, teamId) VALUES("39","Justin Tucker","K","2");
INSERT INTO `Player` (playerId, playerName, position, teamId) VALUES("40","Maxx Williams","TE","2");
INSERT INTO `Player` (playerId, playerName, position, teamId) VALUES("41","Marcus Mariota","QB","30");
INSERT INTO `Player` (playerId, playerName, position, teamId) VALUES("42","Trey Burton","TE","23");
INSERT INTO `Player` (playerId, playerName, position, teamId) VALUES("43","Pierre Garcon","WR","31");
INSERT INTO `Player` (playerId, playerName, position, teamId) VALUES("44","Bruce Gradkowski","QB","24");
INSERT INTO `Player` (playerId, playerName, position, teamId) VALUES("45","Quinton Dunbar","WR","31");
INSERT INTO `Player` (playerId, playerName, position, teamId) VALUES("46","Charlie Whitehurst","QB","30");
INSERT INTO `Player` (playerId, playerName, position, teamId) VALUES("47","Carson Palmer","QB","0");
INSERT INTO `Player` (playerId, playerName, position, teamId) VALUES("48","Seth Lobato","QB","29");
INSERT INTO `Player` (playerId, playerName, position, teamId) VALUES("49","Harry Douglas","WR","30");
INSERT INTO `Player` (playerId, playerName, position, teamId) VALUES("50","Mike Tolbert","RB","4");
INSERT INTO `Player` (playerId, playerName, position, teamId) VALUES("51","Jonathan Grimes","RB","12");
INSERT INTO `Player` (playerId, playerName, position, teamId) VALUES("52","G.J. Kinne","QB","23");
INSERT INTO `Player` (playerId, playerName, position, teamId) VALUES("53","Matthew Stafford","QB","10");
INSERT INTO `Player` (playerId, playerName, position, teamId) VALUES("54","Derek Carrier","TE","26");
INSERT INTO `Player` (playerId, playerName, position, teamId) VALUES("55","Quan Bray","WR","13");
INSERT INTO `Player` (playerId, playerName, position, teamId) VALUES("56","Quron Pratt","WR","23");
INSERT INTO `Player` (playerId, playerName, position, teamId) VALUES("57","Griff Whalen","WR","13");
INSERT INTO `Player` (playerId, playerName, position, teamId) VALUES("58","Mike McFarland","TE","12");
INSERT INTO `Player` (playerId, playerName, position, teamId) VALUES("59","Chris Matthews","WR","27");
INSERT INTO `Player` (playerId, playerName, position, teamId) VALUES("60","Vance McDonald","TE","26");
INSERT INTO `Player` (playerId, playerName, position, teamId) VALUES("61","Victor Cruz","WR","20");
INSERT INTO `Player` (playerId, playerName, position, teamId) VALUES("62","Jace Davis","WR","12");
INSERT INTO `Player` (playerId, playerName, position, teamId) VALUES("63","Blake Bell","TE","26");
INSERT INTO `Player` (playerId, playerName, position, teamId) VALUES("64","Bobby Rainey","RB","29");
INSERT INTO `Player` (playerId, playerName, position, teamId) VALUES("65","Vernon Johnson","WR","10");
INSERT INTO `Player` (playerId, playerName, position, teamId) VALUES("66","Nick Williams","WR","1");
INSERT INTO `Player` (playerId, playerName, position, teamId) VALUES("67","Andre Caldwell","WR","9");
INSERT INTO `Player` (playerId, playerName, position, teamId) VALUES("68","Zach Mettenberger","QB","30");
INSERT INTO `Player` (playerId, playerName, position, teamId) VALUES("69","Gary Barnidge","TE","7");
INSERT INTO `Player` (playerId, playerName, position, teamId) VALUES("70","Matt Spaeth","TE","24");
INSERT INTO `Player` (playerId, playerName, position, teamId) VALUES("71","Jeremy Kerley","WR","21");
INSERT INTO `Player` (playerId, playerName, position, teamId) VALUES("72","Ryan Mallett","QB","12");
INSERT INTO `Player` (playerId, playerName, position, teamId) VALUES("73","Ross Scheuerman","RB","24");
INSERT INTO `Player` (playerId, playerName, position, teamId) VALUES("74","Marion Grice","RB","0");
INSERT INTO `Player` (playerId, playerName, position, teamId) VALUES("75","Marcus Lucas","WR","4");
INSERT INTO `Player` (playerId, playerName, position, teamId) VALUES("76","Jermaine Kearse","WR","27");
INSERT INTO `Player` (playerId, playerName, position, teamId) VALUES("77","Marshawn Lynch","RB","27");
INSERT INTO `Player` (playerId, playerName, position, teamId) VALUES("78","Phillip Dorsett","WR","13");
INSERT INTO `Player` (playerId, playerName, position, teamId) VALUES("79","Jaron Brown","WR","0");
INSERT INTO `Player` (playerId, playerName, position, teamId) VALUES("80","Damian Copeland","WR","14");
INSERT INTO `Player` (playerId, playerName, position, teamId) VALUES("81","Dri Archer","RB","24");
INSERT INTO `Player` (playerId, playerName, position, teamId) VALUES("82","Jack Tabb","TE","19");
INSERT INTO `Player` (playerId, playerName, position, teamId) VALUES("83","Larry Pinkard","WR","11");
INSERT INTO `Player` (playerId, playerName, position, teamId) VALUES("84","John Conner","RB","3");
INSERT INTO `Player` (playerId, playerName, position, teamId) VALUES("85","Davante Adams","WR","11");
INSERT INTO `Player` (playerId, playerName, position, teamId) VALUES("86","Duron Carter","WR","13");
INSERT INTO `Player` (playerId, playerName, position, teamId) VALUES("87","Roosevelt Nix","RB","24");
INSERT INTO `Player` (playerId, playerName, position, teamId) VALUES("88","Nick Harwell","WR","8");
INSERT INTO `Player` (playerId, playerName, position, teamId) VALUES("89","John Crockett","RB","11");
INSERT INTO `Player` (playerId, playerName, position, teamId) VALUES("90","Bryn Renner","QB","2");
INSERT INTO `Player` (playerId, playerName, position, teamId) VALUES("91","Evan Rodriguez","TE","29");
INSERT INTO `Player` (playerId, playerName, position, teamId) VALUES("92","Ray Agnew","RB","8");
INSERT INTO `Player` (playerId, playerName, position, teamId) VALUES("93","Anthony Fasano","TE","30");
INSERT INTO `Player` (playerId, playerName, position, teamId) VALUES("94","Ladarius Green","TE","25");
INSERT INTO `Player` (playerId, playerName, position, teamId) VALUES("95","Nick Foles","QB","28");
INSERT INTO `Player` (playerId, playerName, position, teamId) VALUES("96","Fozzy Whittaker","RB","4");
INSERT INTO `Player` (playerId, playerName, position, teamId) VALUES("97","Josh Lambo","K","25");
INSERT INTO `Player` (playerId, playerName, position, teamId) VALUES("98","DeAndrew White","WR","26");
INSERT INTO `Player` (playerId, playerName, position, teamId) VALUES("99","Martellus Bennett","TE","5");
INSERT INTO `Player` (playerId, playerName, position, teamId) VALUES("100","Andrew Gleichert","TE","23");
INSERT INTO `Player` (playerId, playerName, position, teamId) VALUES("101","Khari Lee","TE","12");
INSERT INTO `Player` (playerId, playerName, position, teamId) VALUES("102","Sam Bradford","QB","23");
INSERT INTO `Player` (playerId, playerName, position, teamId) VALUES("103","C.J. Goodwin","WR","24");
INSERT INTO `Player` (playerId, playerName, position, teamId) VALUES("104","Chris Ivory","RB","21");
INSERT INTO `Player` (playerId, playerName, position, teamId) VALUES("105","EJ Manuel","QB","3");
INSERT INTO `Player` (playerId, playerName, position, teamId) VALUES("106","Terrelle Pryor","WR","7");
INSERT INTO `Player` (playerId, playerName, position, teamId) VALUES("107","Caleb Sturgis","K","16");
INSERT INTO `Player` (playerId, playerName, position, teamId) VALUES("108","Eddie Lacy","RB","11");
INSERT INTO `Player` (playerId, playerName, position, teamId) VALUES("109","Matt LaCosse","TE","20");
INSERT INTO `Player` (playerId, playerName, position, teamId) VALUES("110","Jordan Norwood","WR","9");
INSERT INTO `Player` (playerId, playerName, position, teamId) VALUES("111","Armon Binns","WR","15");
INSERT INTO `Player` (playerId, playerName, position, teamId) VALUES("112","John Peters","TE","6");
INSERT INTO `Player` (playerId, playerName, position, teamId) VALUES("113","Demetrius Harris","TE","15");
INSERT INTO `Player` (playerId, playerName, position, teamId) VALUES("114","Clive Walford","TE","22");
INSERT INTO `Player` (playerId, playerName, position, teamId) VALUES("115","Toben Opurum","RB","19");
INSERT INTO `Player` (playerId, playerName, position, teamId) VALUES("116","Kevin White","WR","5");
INSERT INTO `Player` (playerId, playerName, position, teamId) VALUES("117","Keith Wenning","QB","6");
INSERT INTO `Player` (playerId, playerName, position, teamId) VALUES("118","Kellen Moore","QB","10");
INSERT INTO `Player` (playerId, playerName, position, teamId) VALUES("119","Damond Powell","WR","0");
INSERT INTO `Player` (playerId, playerName, position, teamId) VALUES("120","Tim Tebow","QB","23");
INSERT INTO `Player` (playerId, playerName, position, teamId) VALUES("121","Keith Mumphery","WR","12");
INSERT INTO `Player` (playerId, playerName, position, teamId) VALUES("122","Darren Waller","WR","2");
INSERT INTO `Player` (playerId, playerName, position, teamId) VALUES("123","Chris Conley","WR","15");
INSERT INTO `Player` (playerId, playerName, position, teamId) VALUES("124","Justin Blackmon","WR","14");
INSERT INTO `Player` (playerId, playerName, position, teamId) VALUES("125","Karlos Williams","RB","3");
INSERT INTO `Player` (playerId, playerName, position, teamId) VALUES("126","Mark Ingram","RB","19");
INSERT INTO `Player` (playerId, playerName, position, teamId) VALUES("127","Jaelen Strong","WR","12");
INSERT INTO `Player` (playerId, playerName, position, teamId) VALUES("128","Dwayne Allen","TE","13");
INSERT INTO `Player` (playerId, playerName, position, teamId) VALUES("129","Dion Sims","TE","16");
INSERT INTO `Player` (playerId, playerName, position, teamId) VALUES("130","DeAndre Smelter","WR","26");
INSERT INTO `Player` (playerId, playerName, position, teamId) VALUES("131","Raheem Mostert","RB","23");
INSERT INTO `Player` (playerId, playerName, position, teamId) VALUES("132","Jahwan Edwards","RB","25");
INSERT INTO `Player` (playerId, playerName, position, teamId) VALUES("133","Brian Leonhardt","TE","22");
INSERT INTO `Player` (playerId, playerName, position, teamId) VALUES("134","Quinton Patton","WR","26");
INSERT INTO `Player` (playerId, playerName, position, teamId) VALUES("135","Brandon LaFell","WR","18");
INSERT INTO `Player` (playerId, playerName, position, teamId) VALUES("136","Cameron Meredith","WR","5");
INSERT INTO `Player` (playerId, playerName, position, teamId) VALUES("137","Justin Perillo","TE","11");
INSERT INTO `Player` (playerId, playerName, position, teamId) VALUES("138","Isaiah Pead","RB","28");
INSERT INTO `Player` (playerId, playerName, position, teamId) VALUES("139","Rod Streater","WR","22");
INSERT INTO `Player` (playerId, playerName, position, teamId) VALUES("140","Justin Manton","K","2");
INSERT INTO `Player` (playerId, playerName, position, teamId) VALUES("141","Levine Toilolo","TE","1");
INSERT INTO `Player` (playerId, playerName, position, teamId) VALUES("142","Gus Johnson","RB","8");
INSERT INTO `Player` (playerId, playerName, position, teamId) VALUES("143","Brian Tyms","WR","18");
INSERT INTO `Player` (playerId, playerName, position, teamId) VALUES("144","Ryan Tannehill","QB","16");
INSERT INTO `Player` (playerId, playerName, position, teamId) VALUES("145","Robert Woods","WR","3");
INSERT INTO `Player` (playerId, playerName, position, teamId) VALUES("146","T.J. Jones","WR","10");
INSERT INTO `Player` (playerId, playerName, position, teamId) VALUES("147","Rueben Randle","WR","20");
INSERT INTO `Player` (playerId, playerName, position, teamId) VALUES("148","Jack Doyle","TE","13");
INSERT INTO `Player` (playerId, playerName, position, teamId) VALUES("149","Josh Morgan","WR","19");
INSERT INTO `Player` (playerId, playerName, position, teamId) VALUES("150","Bryan Walters","WR","14");
INSERT INTO `Player` (playerId, playerName, position, teamId) VALUES("151","Matt Lengel","TE","6");
INSERT INTO `Player` (playerId, playerName, position, teamId) VALUES("152","Deontay Greenberry","WR","8");
INSERT INTO `Player` (playerId, playerName, position, teamId) VALUES("153","Tyler Slavin","WR","28");
INSERT INTO `Player` (playerId, playerName, position, teamId) VALUES("154","Geoff Swaim","TE","8");
INSERT INTO `Player` (playerId, playerName, position, teamId) VALUES("155","Cole Beasley","WR","8");
INSERT INTO `Player` (playerId, playerName, position, teamId) VALUES("156","Rob Housler","TE","7");
INSERT INTO `Player` (playerId, playerName, position, teamId) VALUES("157","Gannon Sinclair","TE","0");
INSERT INTO `Player` (playerId, playerName, position, teamId) VALUES("158","Tre McBride","WR","30");
INSERT INTO `Player` (playerId, playerName, position, teamId) VALUES("159","Evan Spencer","WR","31");
INSERT INTO `Player` (playerId, playerName, position, teamId) VALUES("160","Mike Evans","WR","29");
INSERT INTO `Player` (playerId, playerName, position, teamId) VALUES("161","Zac Dysert","QB","9");
INSERT INTO `Player` (playerId, playerName, position, teamId) VALUES("162","Jeremy Langford","RB","5");
INSERT INTO `Player` (playerId, playerName, position, teamId) VALUES("163","Julius Thomas","TE","14");
INSERT INTO `Player` (playerId, playerName, position, teamId) VALUES("164","Adrien Robinson","TE","20");
INSERT INTO `Player` (playerId, playerName, position, teamId) VALUES("165","Willie Snead","WR","19");
INSERT INTO `Player` (playerId, playerName, position, teamId) VALUES("166","Kevin Cone","WR","7");
INSERT INTO `Player` (playerId, playerName, position, teamId) VALUES("167","Adrian Coxson","WR","11");
INSERT INTO `Player` (playerId, playerName, position, teamId) VALUES("168","Travis Kelce","TE","15");
INSERT INTO `Player` (playerId, playerName, position, teamId) VALUES("169","Case Keenum","QB","28");
INSERT INTO `Player` (playerId, playerName, position, teamId) VALUES("170","Timothy Wright","TE","29");
INSERT INTO `Player` (playerId, playerName, position, teamId) VALUES("171","Jonathan Krause","WR","18");
INSERT INTO `Player` (playerId, playerName, position, teamId) VALUES("172","Levi Norwood","WR","5");
INSERT INTO `Player` (playerId, playerName, position, teamId) VALUES("173","David Paulson","TE","25");
INSERT INTO `Player` (playerId, playerName, position, teamId) VALUES("174","Roddy White","WR","1");
INSERT INTO `Player` (playerId, playerName, position, teamId) VALUES("175","Ryan Fitzpatrick","QB","21");
INSERT INTO `Player` (playerId, playerName, position, teamId) VALUES("176","Brandon Myers","TE","29");
INSERT INTO `Player` (playerId, playerName, position, teamId) VALUES("177","David Fales","QB","5");
INSERT INTO `Player` (playerId, playerName, position, teamId) VALUES("178","Fred Williams","WR","15");
INSERT INTO `Player` (playerId, playerName, position, teamId) VALUES("179","Rishard Matthews","WR","16");
INSERT INTO `Player` (playerId, playerName, position, teamId) VALUES("180","Emmanuel Sanders","WR","9");
INSERT INTO `Player` (playerId, playerName, position, teamId) VALUES("181","Charles Clay","TE","3");
INSERT INTO `Player` (playerId, playerName, position, teamId) VALUES("182","Dan Carpenter","K","3");
INSERT INTO `Player` (playerId, playerName, position, teamId) VALUES("183","Drew Brees","QB","19");
INSERT INTO `Player` (playerId, playerName, position, teamId) VALUES("184","Mitchell Henry","TE","11");
INSERT INTO `Player` (playerId, playerName, position, teamId) VALUES("185","Fred Jackson","RB","3");
INSERT INTO `Player` (playerId, playerName, position, teamId) VALUES("186","Myles White","WR","11");
INSERT INTO `Player` (playerId, playerName, position, teamId) VALUES("187","James Hanna","TE","8");
INSERT INTO `Player` (playerId, playerName, position, teamId) VALUES("188","C.J. Uzomah","TE","6");
INSERT INTO `Player` (playerId, playerName, position, teamId) VALUES("189","Chris Harper","WR","20");
INSERT INTO `Player` (playerId, playerName, position, teamId) VALUES("190","Kennard Backman","TE","11");
INSERT INTO `Player` (playerId, playerName, position, teamId) VALUES("191","Jimmie Hunt","WR","11");
INSERT INTO `Player` (playerId, playerName, position, teamId) VALUES("192","Kenny Bell","WR","29");
INSERT INTO `Player` (playerId, playerName, position, teamId) VALUES("193","Duke Johnson","RB","7");
INSERT INTO `Player` (playerId, playerName, position, teamId) VALUES("194","Josh McCown","QB","7");
INSERT INTO `Player` (playerId, playerName, position, teamId) VALUES("195","Crockett Gillmore","TE","2");
INSERT INTO `Player` (playerId, playerName, position, teamId) VALUES("196","Jake Murphy","TE","6");
INSERT INTO `Player` (playerId, playerName, position, teamId) VALUES("197","Quincy Enunwa","WR","21");
INSERT INTO `Player` (playerId, playerName, position, teamId) VALUES("198","Jake Kumerow","WR","6");
INSERT INTO `Player` (playerId, playerName, position, teamId) VALUES("199","Tim Semisch","TE","16");
INSERT INTO `Player` (playerId, playerName, position, teamId) VALUES("200","LaRon Byrd","WR","16");
INSERT INTO `Player` (playerId, playerName, position, teamId) VALUES("201","Marlon Moore","WR","7");
INSERT INTO `Player` (playerId, playerName, position, teamId) VALUES("202","Justin Forsett","RB","2");
INSERT INTO `Player` (playerId, playerName, position, teamId) VALUES("203","Corey Brown","WR","4");
INSERT INTO `Player` (playerId, playerName, position, teamId) VALUES("204","Colin Lockett","WR","31");
INSERT INTO `Player` (playerId, playerName, position, teamId) VALUES("205","Jimmy Garoppolo","QB","18");
INSERT INTO `Player` (playerId, playerName, position, teamId) VALUES("206","Nelson Agholor","WR","23");
INSERT INTO `Player` (playerId, playerName, position, teamId) VALUES("207","Kai Forbath","K","31");
INSERT INTO `Player` (playerId, playerName, position, teamId) VALUES("208","Garrett Graham","TE","12");
INSERT INTO `Player` (playerId, playerName, position, teamId) VALUES("209","Kyle Williams","WR","9");
INSERT INTO `Player` (playerId, playerName, position, teamId) VALUES("210","Walt Powell","WR","21");
INSERT INTO `Player` (playerId, playerName, position, teamId) VALUES("211","Dres Anderson","WR","26");
INSERT INTO `Player` (playerId, playerName, position, teamId) VALUES("212","Ryan Broyles","WR","10");
INSERT INTO `Player` (playerId, playerName, position, teamId) VALUES("213","Reggie Dunn","WR","8");
INSERT INTO `Player` (playerId, playerName, position, teamId) VALUES("214","Russell Wilson","QB","27");
INSERT INTO `Player` (playerId, playerName, position, teamId) VALUES("215","Sean Mannion","QB","28");
INSERT INTO `Player` (playerId, playerName, position, teamId) VALUES("216","Brice Butler","WR","22");
INSERT INTO `Player` (playerId, playerName, position, teamId) VALUES("217","Dan Herron","RB","13");
INSERT INTO `Player` (playerId, playerName, position, teamId) VALUES("218","Frankie Hammond","WR","15");
INSERT INTO `Player` (playerId, playerName, position, teamId) VALUES("219","Michael Crabtree","WR","22");
INSERT INTO `Player` (playerId, playerName, position, teamId) VALUES("220","Brandon Gibson","WR","18");
INSERT INTO `Player` (playerId, playerName, position, teamId) VALUES("221","Kasen Williams","WR","27");
INSERT INTO `Player` (playerId, playerName, position, teamId) VALUES("222","Trent Richardson","RB","22");
INSERT INTO `Player` (playerId, playerName, position, teamId) VALUES("223","Saalim Hakim","WR","21");
INSERT INTO `Player` (playerId, playerName, position, teamId) VALUES("224","Clay Burton","TE","3");
INSERT INTO `Player` (playerId, playerName, position, teamId) VALUES("225","Kenny Cook","WR","15");
INSERT INTO `Player` (playerId, playerName, position, teamId) VALUES("226","Tajh Boyd","QB","24");
INSERT INTO `Player` (playerId, playerName, position, teamId) VALUES("227","Austin Willis","WR","22");
INSERT INTO `Player` (playerId, playerName, position, teamId) VALUES("228","Donald Brown","RB","25");
INSERT INTO `Player` (playerId, playerName, position, teamId) VALUES("229","Vincent Jackson","WR","29");
INSERT INTO `Player` (playerId, playerName, position, teamId) VALUES("230","Matt Simms","QB","3");
INSERT INTO `Player` (playerId, playerName, position, teamId) VALUES("231","Jeff Cumberland","TE","21");
INSERT INTO `Player` (playerId, playerName, position, teamId) VALUES("232","Isaiah Burse","WR","9");
INSERT INTO `Player` (playerId, playerName, position, teamId) VALUES("233","Jay Prosch","RB","12");
INSERT INTO `Player` (playerId, playerName, position, teamId) VALUES("234","Brandon Pettigrew","TE","10");
INSERT INTO `Player` (playerId, playerName, position, teamId) VALUES("235","Steve Maneri","TE","21");
INSERT INTO `Player` (playerId, playerName, position, teamId) VALUES("236","Dan Bailey","K","8");
INSERT INTO `Player` (playerId, playerName, position, teamId) VALUES("237","Chandler Catanzaro","K","0");
INSERT INTO `Player` (playerId, playerName, position, teamId) VALUES("238","Ryan Succop","K","30");
INSERT INTO `Player` (playerId, playerName, position, teamId) VALUES("239","Shane Wynn","WR","7");
INSERT INTO `Player` (playerId, playerName, position, teamId) VALUES("240","Sean Renfree","QB","1");
INSERT INTO `Player` (playerId, playerName, position, teamId) VALUES("241","Chris Hogan","WR","3");
INSERT INTO `Player` (playerId, playerName, position, teamId) VALUES("242","Donte Moncrief","WR","13");
INSERT INTO `Player` (playerId, playerName, position, teamId) VALUES("243","Chris Polk","RB","12");
INSERT INTO `Player` (playerId, playerName, position, teamId) VALUES("244","Bryce Petty","QB","21");
INSERT INTO `Player` (playerId, playerName, position, teamId) VALUES("245","Rico Richardson","WR","30");
INSERT INTO `Player` (playerId, playerName, position, teamId) VALUES("246","Jake Heaps","QB","21");
INSERT INTO `Player` (playerId, playerName, position, teamId) VALUES("247","Will Tukuafu","RB","27");
INSERT INTO `Player` (playerId, playerName, position, teamId) VALUES("248","Josh Bellamy","WR","5");
INSERT INTO `Player` (playerId, playerName, position, teamId) VALUES("249","Carlton Mitchell","WR","1");
INSERT INTO `Player` (playerId, playerName, position, teamId) VALUES("250","Taiwan Jones","RB","22");
INSERT INTO `Player` (playerId, playerName, position, teamId) VALUES("251","Frank Gore","RB","13");
INSERT INTO `Player` (playerId, playerName, position, teamId) VALUES("252","Colt McCoy","QB","31");
INSERT INTO `Player` (playerId, playerName, position, teamId) VALUES("253","Dwayne Harris","WR","20");
INSERT INTO `Player` (playerId, playerName, position, teamId) VALUES("254","Seyi Ajirotutu","WR","23");
INSERT INTO `Player` (playerId, playerName, position, teamId) VALUES("255","Rodney Smith","WR","7");
INSERT INTO `Player` (playerId, playerName, position, teamId) VALUES("256","Brian Parker","TE","25");
INSERT INTO `Player` (playerId, playerName, position, teamId) VALUES("257","Jason Witten","TE","8");
INSERT INTO `Player` (playerId, playerName, position, teamId) VALUES("258","T.J. Yeldon","RB","14");
INSERT INTO `Player` (playerId, playerName, position, teamId) VALUES("259","Zurlon Tipton","RB","13");
INSERT INTO `Player` (playerId, playerName, position, teamId) VALUES("260","Connor Neighbors","RB","30");
INSERT INTO `Player` (playerId, playerName, position, teamId) VALUES("261","Javontee Herndon","WR","25");
INSERT INTO `Player` (playerId, playerName, position, teamId) VALUES("262","Antonio Andrews","RB","30");
INSERT INTO `Player` (playerId, playerName, position, teamId) VALUES("263","Erik Lorig","RB","19");
INSERT INTO `Player` (playerId, playerName, position, teamId) VALUES("264","Joey Iosefa","RB","29");
INSERT INTO `Player` (playerId, playerName, position, teamId) VALUES("265","Josh Huff","WR","23");
INSERT INTO `Player` (playerId, playerName, position, teamId) VALUES("266","Terron Ward","RB","1");
INSERT INTO `Player` (playerId, playerName, position, teamId) VALUES("267","Clay Harbor","TE","14");
INSERT INTO `Player` (playerId, playerName, position, teamId) VALUES("268","Ryan Griffin","QB","19");
INSERT INTO `Player` (playerId, playerName, position, teamId) VALUES("269","Kenny Stills","WR","16");
INSERT INTO `Player` (playerId, playerName, position, teamId) VALUES("270","Graham Gano","K","4");
INSERT INTO `Player` (playerId, playerName, position, teamId) VALUES("271","Theo Riddick","RB","10");
INSERT INTO `Player` (playerId, playerName, position, teamId) VALUES("272","Corey Grant","RB","14");
INSERT INTO `Player` (playerId, playerName, position, teamId) VALUES("273","Matthew Tucker","RB","23");
INSERT INTO `Player` (playerId, playerName, position, teamId) VALUES("274","Jalen Saunders","WR","19");
INSERT INTO `Player` (playerId, playerName, position, teamId) VALUES("275","Devante Davis","WR","23");
INSERT INTO `Player` (playerId, playerName, position, teamId) VALUES("276","Dexter McCluster","RB","30");
INSERT INTO `Player` (playerId, playerName, position, teamId) VALUES("277","Xavier Grimble","TE","26");
INSERT INTO `Player` (playerId, playerName, position, teamId) VALUES("278","Jordan Reed","TE","31");
INSERT INTO `Player` (playerId, playerName, position, teamId) VALUES("279","Scott Tolzien","QB","11");
INSERT INTO `Player` (playerId, playerName, position, teamId) VALUES("280","Albert Wilson","WR","15");
INSERT INTO `Player` (playerId, playerName, position, teamId) VALUES("281","Marcus Harris","WR","20");
INSERT INTO `Player` (playerId, playerName, position, teamId) VALUES("282","Javorius Allen","RB","2");
INSERT INTO `Player` (playerId, playerName, position, teamId) VALUES("283","Devin Gardner","WR","24");
INSERT INTO `Player` (playerId, playerName, position, teamId) VALUES("284","Richie Brockel","TE","4");
INSERT INTO `Player` (playerId, playerName, position, teamId) VALUES("285","Brandon Bogotay","K","29");
INSERT INTO `Player` (playerId, playerName, position, teamId) VALUES("286","Cory Harkey","TE","28");
INSERT INTO `Player` (playerId, playerName, position, teamId) VALUES("287","Tony Romo","QB","8");
INSERT INTO `Player` (playerId, playerName, position, teamId) VALUES("288","Dominique Jones","TE","9");
INSERT INTO `Player` (playerId, playerName, position, teamId) VALUES("289","Mario Alford","WR","6");
INSERT INTO `Player` (playerId, playerName, position, teamId) VALUES("290","Kendall Gaskins","RB","26");
INSERT INTO `Player` (playerId, playerName, position, teamId) VALUES("291","Toby Gerhart","RB","14");
INSERT INTO `Player` (playerId, playerName, position, teamId) VALUES("292","Shane Carden","QB","5");
INSERT INTO `Player` (playerId, playerName, position, teamId) VALUES("293","Jarius Wright","WR","17");
INSERT INTO `Player` (playerId, playerName, position, teamId) VALUES("294","Demaryius Thomas","WR","9");
INSERT INTO `Player` (playerId, playerName, position, teamId) VALUES("295","Tony Moeaki","TE","1");
INSERT INTO `Player` (playerId, playerName, position, teamId) VALUES("296","Denard Robinson","RB","14");
INSERT INTO `Player` (playerId, playerName, position, teamId) VALUES("297","Ray Hamilton","TE","8");
INSERT INTO `Player` (playerId, playerName, position, teamId) VALUES("298","Joe Banyard","RB","17");
INSERT INTO `Player` (playerId, playerName, position, teamId) VALUES("299","Le'Veon Bell","RB","24");
INSERT INTO `Player` (playerId, playerName, position, teamId) VALUES("300","Mickey Shuler","TE","1");
INSERT INTO `Player` (playerId, playerName, position, teamId) VALUES("301","Nick Toon","WR","19");
INSERT INTO `Player` (playerId, playerName, position, teamId) VALUES("302","Jordan Cameron","TE","16");
INSERT INTO `Player` (playerId, playerName, position, teamId) VALUES("303","Brandon McManus","K","9");
INSERT INTO `Player` (playerId, playerName, position, teamId) VALUES("304","Nic Jacobs","TE","14");
INSERT INTO `Player` (playerId, playerName, position, teamId) VALUES("305","Kiero Small","RB","2");
INSERT INTO `Player` (playerId, playerName, position, teamId) VALUES("306","Brandon Tate","WR","6");
INSERT INTO `Player` (playerId, playerName, position, teamId) VALUES("307","Randy Bullock","K","12");
INSERT INTO `Player` (playerId, playerName, position, teamId) VALUES("308","Cam Newton","QB","4");
INSERT INTO `Player` (playerId, playerName, position, teamId) VALUES("309","James White","RB","18");
INSERT INTO `Player` (playerId, playerName, position, teamId) VALUES("310","Erik Swoope","TE","13");
INSERT INTO `Player` (playerId, playerName, position, teamId) VALUES("311","Zac Stacy","RB","21");
INSERT INTO `Player` (playerId, playerName, position, teamId) VALUES("312","Jeret Smith","WR","15");
INSERT INTO `Player` (playerId, playerName, position, teamId) VALUES("313","Michael Egnew","TE","24");
INSERT INTO `Player` (playerId, playerName, position, teamId) VALUES("314","Ted Ginn","WR","4");
INSERT INTO `Player` (playerId, playerName, position, teamId) VALUES("315","Matt Wile","K","4");
INSERT INTO `Player` (playerId, playerName, position, teamId) VALUES("316","DeAngelo Williams","RB","24");
INSERT INTO `Player` (playerId, playerName, position, teamId) VALUES("317","DeAndre Carter","WR","2");
INSERT INTO `Player` (playerId, playerName, position, teamId) VALUES("318","Luke Lundy","RB","7");
INSERT INTO `Player` (playerId, playerName, position, teamId) VALUES("319","Tyler Varga","RB","13");
INSERT INTO `Player` (playerId, playerName, position, teamId) VALUES("320","Rashad Ross","WR","31");
INSERT INTO `Player` (playerId, playerName, position, teamId) VALUES("321","Tyler McDonald","WR","16");
INSERT INTO `Player` (playerId, playerName, position, teamId) VALUES("322","Eli Rogers","WR","24");
INSERT INTO `Player` (playerId, playerName, position, teamId) VALUES("323","Jonas Gray","RB","18");
INSERT INTO `Player` (playerId, playerName, position, teamId) VALUES("324","Kyle Miller","TE","25");
INSERT INTO `Player` (playerId, playerName, position, teamId) VALUES("325","Ryan Williams","RB","8");
INSERT INTO `Player` (playerId, playerName, position, teamId) VALUES("326","Dorin Dickerson","TE","30");
INSERT INTO `Player` (playerId, playerName, position, teamId) VALUES("327","Anthony McCoy","TE","27");
INSERT INTO `Player` (playerId, playerName, position, teamId) VALUES("328","LeGarrette Blount","RB","18");
INSERT INTO `Player` (playerId, playerName, position, teamId) VALUES("329","Isiah Ferguson","WR","28");
INSERT INTO `Player` (playerId, playerName, position, teamId) VALUES("330","Lance Dunbar","RB","8");
INSERT INTO `Player` (playerId, playerName, position, teamId) VALUES("331","Zach Ertz","TE","23");
INSERT INTO `Player` (playerId, playerName, position, teamId) VALUES("332","Marqise Lee","WR","14");
INSERT INTO `Player` (playerId, playerName, position, teamId) VALUES("333","Adam Humphries","WR","29");
INSERT INTO `Player` (playerId, playerName, position, teamId) VALUES("334","Tevin Westbrook","TE","30");
INSERT INTO `Player` (playerId, playerName, position, teamId) VALUES("335","Jay Cutler","QB","5");
INSERT INTO `Player` (playerId, playerName, position, teamId) VALUES("336","Orson Charles","TE","19");
INSERT INTO `Player` (playerId, playerName, position, teamId) VALUES("337","Trindon Holliday","WR","22");
INSERT INTO `Player` (playerId, playerName, position, teamId) VALUES("338","Joe Webb","QB","4");
INSERT INTO `Player` (playerId, playerName, position, teamId) VALUES("339","Devin Funchess","WR","4");
INSERT INTO `Player` (playerId, playerName, position, teamId) VALUES("340","Greg Zuerlein","K","28");
INSERT INTO `Player` (playerId, playerName, position, teamId) VALUES("341","Richard Rodgers","TE","11");
INSERT INTO `Player` (playerId, playerName, position, teamId) VALUES("342","Nikita Whitlock","RB","20");
INSERT INTO `Player` (playerId, playerName, position, teamId) VALUES("343","Darren Fells","TE","0");
INSERT INTO `Player` (playerId, playerName, position, teamId) VALUES("344","Damiere Byrd","WR","4");
INSERT INTO `Player` (playerId, playerName, position, teamId) VALUES("345","Ryan Nassib","QB","20");
INSERT INTO `Player` (playerId, playerName, position, teamId) VALUES("346","Kevin Smith","WR","27");
INSERT INTO `Player` (playerId, playerName, position, teamId) VALUES("347","Cedric Peerman","RB","6");
INSERT INTO `Player` (playerId, playerName, position, teamId) VALUES("348","Jay Ajayi","RB","16");
INSERT INTO `Player` (playerId, playerName, position, teamId) VALUES("349","Rob Gronkowski","TE","18");
INSERT INTO `Player` (playerId, playerName, position, teamId) VALUES("350","Jeremy Stewart","RB","9");
INSERT INTO `Player` (playerId, playerName, position, teamId) VALUES("351","Antonio Brown","WR","24");
INSERT INTO `Player` (playerId, playerName, position, teamId) VALUES("352","Chris Manhertz","TE","3");
INSERT INTO `Player` (playerId, playerName, position, teamId) VALUES("353","John Kuhn","RB","11");
INSERT INTO `Player` (playerId, playerName, position, teamId) VALUES("354","Louis Murphy","WR","29");
INSERT INTO `Player` (playerId, playerName, position, teamId) VALUES("355","Doug Martin","RB","29");
INSERT INTO `Player` (playerId, playerName, position, teamId) VALUES("356","Terrence Magee","RB","2");
INSERT INTO `Player` (playerId, playerName, position, teamId) VALUES("357","Nick O'Leary","TE","3");
INSERT INTO `Player` (playerId, playerName, position, teamId) VALUES("358","Andrew Turzilli","WR","30");
INSERT INTO `Player` (playerId, playerName, position, teamId) VALUES("359","Marques Colston","WR","19");
INSERT INTO `Player` (playerId, playerName, position, teamId) VALUES("360","Jameill Showers","QB","8");
INSERT INTO `Player` (playerId, playerName, position, teamId) VALUES("361","Jerry Lovelocke","QB","2");
INSERT INTO `Player` (playerId, playerName, position, teamId) VALUES("362","Jarrett Boykin","WR","4");
INSERT INTO `Player` (playerId, playerName, position, teamId) VALUES("363","David Porter","WR","9");
INSERT INTO `Player` (playerId, playerName, position, teamId) VALUES("364","Lamar Miller","RB","16");
INSERT INTO `Player` (playerId, playerName, position, teamId) VALUES("365","Uzoma Nwachukwu","WR","12");
INSERT INTO `Player` (playerId, playerName, position, teamId) VALUES("366","Ed Dickson","TE","4");
INSERT INTO `Player` (playerId, playerName, position, teamId) VALUES("367","Mike Davis","RB","26");
INSERT INTO `Player` (playerId, playerName, position, teamId) VALUES("368","Zach Miller","TE","5");
INSERT INTO `Player` (playerId, playerName, position, teamId) VALUES("369","Logan Paulsen","TE","31");
INSERT INTO `Player` (playerId, playerName, position, teamId) VALUES("370","Deon Long","WR","30");
INSERT INTO `Player` (playerId, playerName, position, teamId) VALUES("371","Kevin Haplea","TE","7");
INSERT INTO `Player` (playerId, playerName, position, teamId) VALUES("372","Matthew Mulligan","TE","3");
INSERT INTO `Player` (playerId, playerName, position, teamId) VALUES("373","Marquess Wilson","WR","5");
INSERT INTO `Player` (playerId, playerName, position, teamId) VALUES("374","James Casey","TE","9");
INSERT INTO `Player` (playerId, playerName, position, teamId) VALUES("375","Mike Glennon","QB","29");
INSERT INTO `Player` (playerId, playerName, position, teamId) VALUES("376","Dustin Vaughan","QB","8");
INSERT INTO `Player` (playerId, playerName, position, teamId) VALUES("377","Zach Hocker","K","19");
INSERT INTO `Player` (playerId, playerName, position, teamId) VALUES("378","Benny Cunningham","RB","28");
INSERT INTO `Player` (playerId, playerName, position, teamId) VALUES("379","Teddy Bridgewater","QB","17");
INSERT INTO `Player` (playerId, playerName, position, teamId) VALUES("380","Kenbrell Thompkins","WR","22");
INSERT INTO `Player` (playerId, playerName, position, teamId) VALUES("381","Luke McCown","QB","19");
INSERT INTO `Player` (playerId, playerName, position, teamId) VALUES("382","Juwan Thompson","RB","9");
INSERT INTO `Player` (playerId, playerName, position, teamId) VALUES("383","Kellen Davis","TE","21");
INSERT INTO `Player` (playerId, playerName, position, teamId) VALUES("384","Darius Jennings","WR","7");
INSERT INTO `Player` (playerId, playerName, position, teamId) VALUES("385","Vincent Brown","WR","13");
INSERT INTO `Player` (playerId, playerName, position, teamId) VALUES("386","Lance Kendricks","TE","28");
INSERT INTO `Player` (playerId, playerName, position, teamId) VALUES("387","A.J. Green","WR","6");
INSERT INTO `Player` (playerId, playerName, position, teamId) VALUES("388","Nate Washington","WR","12");
INSERT INTO `Player` (playerId, playerName, position, teamId) VALUES("389","Kasey Closs","WR","14");
INSERT INTO `Player` (playerId, playerName, position, teamId) VALUES("390","Vernon Davis","TE","26");
INSERT INTO `Player` (playerId, playerName, position, teamId) VALUES("391","David Johnson","TE","25");
INSERT INTO `Player` (playerId, playerName, position, teamId) VALUES("392","Rex Burkhead","RB","6");
INSERT INTO `Player` (playerId, playerName, position, teamId) VALUES("393","Chandler Worthy","WR","12");
INSERT INTO `Player` (playerId, playerName, position, teamId) VALUES("394","Henry Hynoski","RB","20");
INSERT INTO `Player` (playerId, playerName, position, teamId) VALUES("395","Tarvaris Jackson","QB","27");
INSERT INTO `Player` (playerId, playerName, position, teamId) VALUES("396","Cordarrelle Patterson","WR","17");
INSERT INTO `Player` (playerId, playerName, position, teamId) VALUES("397","J.J. Nelson","WR","0");
INSERT INTO `Player` (playerId, playerName, position, teamId) VALUES("398","Robert Griffin III","QB","31");
INSERT INTO `Player` (playerId, playerName, position, teamId) VALUES("399","Tom Savage","QB","12");
INSERT INTO `Player` (playerId, playerName, position, teamId) VALUES("400","Cecil Shorts","WR","12");
INSERT INTO `Player` (playerId, playerName, position, teamId) VALUES("401","Damien Williams","RB","16");
INSERT INTO `Player` (playerId, playerName, position, teamId) VALUES("402","Jordan Campbell","RB","31");
INSERT INTO `Player` (playerId, playerName, position, teamId) VALUES("403","Edwin Baker","RB","19");
INSERT INTO `Player` (playerId, playerName, position, teamId) VALUES("404","Branden Oliver","RB","25");
INSERT INTO `Player` (playerId, playerName, position, teamId) VALUES("405","Josh Gordon","WR","7");
INSERT INTO `Player` (playerId, playerName, position, teamId) VALUES("406","Eddie Royal","WR","5");
INSERT INTO `Player` (playerId, playerName, position, teamId) VALUES("407","McLeod Bethel-Thompson","QB","16");
INSERT INTO `Player` (playerId, playerName, position, teamId) VALUES("408","Cody Fajardo","QB","22");
INSERT INTO `Player` (playerId, playerName, position, teamId) VALUES("409","Akeem Hunt","RB","20");
INSERT INTO `Player` (playerId, playerName, position, teamId) VALUES("410","Knile Davis","RB","15");
INSERT INTO `Player` (playerId, playerName, position, teamId) VALUES("411","Mark Sanchez","QB","23");
INSERT INTO `Player` (playerId, playerName, position, teamId) VALUES("412","Matt Flynn","QB","18");
INSERT INTO `Player` (playerId, playerName, position, teamId) VALUES("413","Calvin Johnson","WR","10");
INSERT INTO `Player` (playerId, playerName, position, teamId) VALUES("414","Adam Thielen","WR","17");
INSERT INTO `Player` (playerId, playerName, position, teamId) VALUES("415","Ricky Collins","WR","11");
INSERT INTO `Player` (playerId, playerName, position, teamId) VALUES("416","Johnny Manziel","QB","7");
INSERT INTO `Player` (playerId, playerName, position, teamId) VALUES("417","Arthur Lynch","TE","16");
INSERT INTO `Player` (playerId, playerName, position, teamId) VALUES("418","Stepfan Taylor","RB","0");
INSERT INTO `Player` (playerId, playerName, position, teamId) VALUES("419","Alan Bonner","WR","12");
INSERT INTO `Player` (playerId, playerName, position, teamId) VALUES("420","Leonard Hankerson","WR","1");
INSERT INTO `Player` (playerId, playerName, position, teamId) VALUES("421","Jim Dray","TE","7");
INSERT INTO `Player` (playerId, playerName, position, teamId) VALUES("422","Marquise Goodwin","WR","3");
INSERT INTO `Player` (playerId, playerName, position, teamId) VALUES("423","Kenjon Barner","RB","23");
INSERT INTO `Player` (playerId, playerName, position, teamId) VALUES("424","Bryan Bennett","QB","13");
INSERT INTO `Player` (playerId, playerName, position, teamId) VALUES("425","Keshawn Hill","RB","15");
INSERT INTO `Player` (playerId, playerName, position, teamId) VALUES("426","Vick Ballard","RB","13");
INSERT INTO `Player` (playerId, playerName, position, teamId) VALUES("427","Brian Quick","WR","28");
INSERT INTO `Player` (playerId, playerName, position, teamId) VALUES("428","Seth Roberts","WR","22");
INSERT INTO `Player` (playerId, playerName, position, teamId) VALUES("429","Greg Olsen","TE","4");
INSERT INTO `Player` (playerId, playerName, position, teamId) VALUES("430","Rannell Hall","WR","29");
INSERT INTO `Player` (playerId, playerName, position, teamId) VALUES("431","Josh Lenz","WR","7");
INSERT INTO `Player` (playerId, playerName, position, teamId) VALUES("432","Desmond Lawrence","WR","6");
INSERT INTO `Player` (playerId, playerName, position, teamId) VALUES("433","Shane Vereen","RB","20");
INSERT INTO `Player` (playerId, playerName, position, teamId) VALUES("434","Brandon Williams","TE","4");
INSERT INTO `Player` (playerId, playerName, position, teamId) VALUES("435","Andre Williams","RB","20");
INSERT INTO `Player` (playerId, playerName, position, teamId) VALUES("436","Bishop Sankey","RB","30");
INSERT INTO `Player` (playerId, playerName, position, teamId) VALUES("437","Jordan Matthews","WR","23");
INSERT INTO `Player` (playerId, playerName, position, teamId) VALUES("438","Tyler Eifert","TE","6");
INSERT INTO `Player` (playerId, playerName, position, teamId) VALUES("439","Geno Smith","QB","21");
INSERT INTO `Player` (playerId, playerName, position, teamId) VALUES("440","Julian Talley","WR","20");
INSERT INTO `Player` (playerId, playerName, position, teamId) VALUES("441","Josh Robinson","RB","13");
INSERT INTO `Player` (playerId, playerName, position, teamId) VALUES("442","Michael Floyd","WR","0");
INSERT INTO `Player` (playerId, playerName, position, teamId) VALUES("443","Robert Turbin","RB","27");
INSERT INTO `Player` (playerId, playerName, position, teamId) VALUES("444","C.J. Fiedorowicz","TE","12");
INSERT INTO `Player` (playerId, playerName, position, teamId) VALUES("445","Brandon Cottom","RB","27");
INSERT INTO `Player` (playerId, playerName, position, teamId) VALUES("446","Jeff Heuerman","TE","9");
INSERT INTO `Player` (playerId, playerName, position, teamId) VALUES("447","Ronnie Hillman","RB","9");
INSERT INTO `Player` (playerId, playerName, position, teamId) VALUES("448","Colin Kaepernick","QB","26");
INSERT INTO `Player` (playerId, playerName, position, teamId) VALUES("449","Michael Preston","WR","16");
INSERT INTO `Player` (playerId, playerName, position, teamId) VALUES("450","Bradley Marquez","WR","28");
INSERT INTO `Player` (playerId, playerName, position, teamId) VALUES("451","Jimmay Mundine","TE","18");
INSERT INTO `Player` (playerId, playerName, position, teamId) VALUES("452","T.J. Graham","WR","21");
INSERT INTO `Player` (playerId, playerName, position, teamId) VALUES("453","Mike Meyer","K","30");
INSERT INTO `Player` (playerId, playerName, position, teamId) VALUES("454","Malcolm Johnson","RB","7");
INSERT INTO `Player` (playerId, playerName, position, teamId) VALUES("455","Kamar Aiken","WR","2");
INSERT INTO `Player` (playerId, playerName, position, teamId) VALUES("456","Cameron Stingily","RB","24");
INSERT INTO `Player` (playerId, playerName, position, teamId) VALUES("457","Matt Bryant","K","1");
INSERT INTO `Player` (playerId, playerName, position, teamId) VALUES("458","Vince Mayle","WR","7");
INSERT INTO `Player` (playerId, playerName, position, teamId) VALUES("459","George Farmer","WR","8");
INSERT INTO `Player` (playerId, playerName, position, teamId) VALUES("460","Breshad Perriman","WR","2");
INSERT INTO `Player` (playerId, playerName, position, teamId) VALUES("461","Michael Hoomanawanui","TE","18");
INSERT INTO `Player` (playerId, playerName, position, teamId) VALUES("462","Tom Brady","QB","18");
INSERT INTO `Player` (playerId, playerName, position, teamId) VALUES("463","Joseph Fauria","TE","10");
INSERT INTO `Player` (playerId, playerName, position, teamId) VALUES("464","Greg Jennings","WR","16");
INSERT INTO `Player` (playerId, playerName, position, teamId) VALUES("465","Jacob Tamme","TE","1");
INSERT INTO `Player` (playerId, playerName, position, teamId) VALUES("466","Chris Gragg","TE","3");
INSERT INTO `Player` (playerId, playerName, position, teamId) VALUES("467","Larry Fitzgerald","WR","0");
INSERT INTO `Player` (playerId, playerName, position, teamId) VALUES("468","Andrew Quarless","TE","11");
INSERT INTO `Player` (playerId, playerName, position, teamId) VALUES("469","DeVier Posey","WR","21");
INSERT INTO `Player` (playerId, playerName, position, teamId) VALUES("470","Devin Hester","WR","1");
INSERT INTO `Player` (playerId, playerName, position, teamId) VALUES("471","Mark Weisman","RB","6");
INSERT INTO `Player` (playerId, playerName, position, teamId) VALUES("472","Jordan Leslie","WR","17");
INSERT INTO `Player` (playerId, playerName, position, teamId) VALUES("473","Marvin Jones","WR","6");
INSERT INTO `Player` (playerId, playerName, position, teamId) VALUES("474","C.J. Spiller","RB","19");
INSERT INTO `Player` (playerId, playerName, position, teamId) VALUES("475","Chase Rettig","QB","25");
INSERT INTO `Player` (playerId, playerName, position, teamId) VALUES("476","Rory Anderson","TE","26");
INSERT INTO `Player` (playerId, playerName, position, teamId) VALUES("477","Jared Abbrederis","WR","11");
INSERT INTO `Player` (playerId, playerName, position, teamId) VALUES("478","Marcus Murphy","RB","19");
INSERT INTO `Player` (playerId, playerName, position, teamId) VALUES("479","Corey Washington","WR","20");
INSERT INTO `Player` (playerId, playerName, position, teamId) VALUES("480","Dez Bryant","WR","8");
INSERT INTO `Player` (playerId, playerName, position, teamId) VALUES("481","Chase Daniel","QB","15");
INSERT INTO `Player` (playerId, playerName, position, teamId) VALUES("482","Kellen Clemens","QB","25");
INSERT INTO `Player` (playerId, playerName, position, teamId) VALUES("483","Mike James","RB","29");
INSERT INTO `Player` (playerId, playerName, position, teamId) VALUES("484","Marcus Easley","WR","3");
INSERT INTO `Player` (playerId, playerName, position, teamId) VALUES("485","Chris Pantale","TE","5");
INSERT INTO `Player` (playerId, playerName, position, teamId) VALUES("486","Tony Jones","WR","31");
INSERT INTO `Player` (playerId, playerName, position, teamId) VALUES("487","Eric Tomlinson","TE","23");
INSERT INTO `Player` (playerId, playerName, position, teamId) VALUES("488","Da'Ron Brown","WR","15");
INSERT INTO `Player` (playerId, playerName, position, teamId) VALUES("489","Daniel Fells","TE","20");
INSERT INTO `Player` (playerId, playerName, position, teamId) VALUES("490","Josh Freeman","QB","16");
INSERT INTO `Player` (playerId, playerName, position, teamId) VALUES("491","Lucky Whitehead","WR","8");
INSERT INTO `Player` (playerId, playerName, position, teamId) VALUES("492","Kyle Rudolph","TE","17");
INSERT INTO `Player` (playerId, playerName, position, teamId) VALUES("493","Stephen Hill","WR","4");
INSERT INTO `Player` (playerId, playerName, position, teamId) VALUES("494","Andrew Franks","K","16");
INSERT INTO `Player` (playerId, playerName, position, teamId) VALUES("495","Joe Don Duncan","RB","9");
INSERT INTO `Player` (playerId, playerName, position, teamId) VALUES("496","Derek Anderson","QB","4");
INSERT INTO `Player` (playerId, playerName, position, teamId) VALUES("497","Ted Bolser","TE","0");
INSERT INTO `Player` (playerId, playerName, position, teamId) VALUES("498","Neal Sterling","WR","14");
INSERT INTO `Player` (playerId, playerName, position, teamId) VALUES("499","Alshon Jeffery","WR","5");
INSERT INTO `Player` (playerId, playerName, position, teamId) VALUES("500","David Cobb","RB","30");
INSERT INTO `Player` (playerId, playerName, position, teamId) VALUES("501","Dustin Hopkins","K","19");
INSERT INTO `Player` (playerId, playerName, position, teamId) VALUES("502","Justin Sinz","TE","13");
INSERT INTO `Player` (playerId, playerName, position, teamId) VALUES("503","Anquan Boldin","WR","26");
INSERT INTO `Player` (playerId, playerName, position, teamId) VALUES("504","Eric Decker","WR","21");
INSERT INTO `Player` (playerId, playerName, position, teamId) VALUES("505","Larry Donnell","TE","20");
INSERT INTO `Player` (playerId, playerName, position, teamId) VALUES("506","Garrett Celek","TE","26");
INSERT INTO `Player` (playerId, playerName, position, teamId) VALUES("507","Lance Moore","WR","10");
INSERT INTO `Player` (playerId, playerName, position, teamId) VALUES("508","Devin Mahina","TE","31");
INSERT INTO `Player` (playerId, playerName, position, teamId) VALUES("509","Jamison Crowder","WR","31");
INSERT INTO `Player` (playerId, playerName, position, teamId) VALUES("510","Casey Pierce","TE","10");
INSERT INTO `Player` (playerId, playerName, position, teamId) VALUES("511","John Phillips","TE","25");
INSERT INTO `Player` (playerId, playerName, position, teamId) VALUES("512","Markus Wheaton","WR","24");
INSERT INTO `Player` (playerId, playerName, position, teamId) VALUES("513","Riley Cooper","WR","23");
INSERT INTO `Player` (playerId, playerName, position, teamId) VALUES("514","Marlon Brown","WR","2");
INSERT INTO `Player` (playerId, playerName, position, teamId) VALUES("515","Bernard Pierce","RB","14");
INSERT INTO `Player` (playerId, playerName, position, teamId) VALUES("516","Devon Wylie","WR","28");
INSERT INTO `Player` (playerId, playerName, position, teamId) VALUES("517","A.J. Jenkins","WR","8");
INSERT INTO `Player` (playerId, playerName, position, teamId) VALUES("518","J.C. Copeland","RB","21");
INSERT INTO `Player` (playerId, playerName, position, teamId) VALUES("519","Christine Michael","RB","27");
INSERT INTO `Player` (playerId, playerName, position, teamId) VALUES("520","Tyler Gaffney","RB","18");
INSERT INTO `Player` (playerId, playerName, position, teamId) VALUES("521","Matt Moore","QB","16");
INSERT INTO `Player` (playerId, playerName, position, teamId) VALUES("522","Russell Shepard","WR","29");
INSERT INTO `Player` (playerId, playerName, position, teamId) VALUES("523","Marcedes Lewis","TE","14");
INSERT INTO `Player` (playerId, playerName, position, teamId) VALUES("524","Jarvis Landry","WR","16");
INSERT INTO `Player` (playerId, playerName, position, teamId) VALUES("525","Brenton Bersin","WR","4");
INSERT INTO `Player` (playerId, playerName, position, teamId) VALUES("526","Travis Benjamin","WR","7");
INSERT INTO `Player` (playerId, playerName, position, teamId) VALUES("527","RaShaun Allen","TE","27");
INSERT INTO `Player` (playerId, playerName, position, teamId) VALUES("528","Allen Robinson","WR","14");
INSERT INTO `Player` (playerId, playerName, position, teamId) VALUES("529","Tevin Reese","WR","6");
INSERT INTO `Player` (playerId, playerName, position, teamId) VALUES("530","Matt Prater","K","10");
INSERT INTO `Player` (playerId, playerName, position, teamId) VALUES("531","LaVance Taylor","RB","15");
INSERT INTO `Player` (playerId, playerName, position, teamId) VALUES("532","Reggie Bush","RB","26");
INSERT INTO `Player` (playerId, playerName, position, teamId) VALUES("533","Gerell Robinson","TE","16");
INSERT INTO `Player` (playerId, playerName, position, teamId) VALUES("534","Tyler Murphy","WR","24");
INSERT INTO `Player` (playerId, playerName, position, teamId) VALUES("535","Tommy Streeter","WR","16");
INSERT INTO `Player` (playerId, playerName, position, teamId) VALUES("536","Will Johnson","RB","24");
INSERT INTO `Player` (playerId, playerName, position, teamId) VALUES("537","Phillip Supernaw","TE","30");
INSERT INTO `Player` (playerId, playerName, position, teamId) VALUES("538","Jaxon Shipley","WR","0");
INSERT INTO `Player` (playerId, playerName, position, teamId) VALUES("539","Jeremy Maclin","WR","15");
INSERT INTO `Player` (playerId, playerName, position, teamId) VALUES("540","Derrick Coleman","RB","27");
INSERT INTO `Player` (playerId, playerName, position, teamId) VALUES("541","Phillip Sims","QB","0");
INSERT INTO `Player` (playerId, playerName, position, teamId) VALUES("542","Austin Seferian-Jenkins","TE","29");
INSERT INTO `Player` (playerId, playerName, position, teamId) VALUES("543","R.J. Harris","WR","19");
INSERT INTO `Player` (playerId, playerName, position, teamId) VALUES("544","Rob Blanchflower","TE","24");
INSERT INTO `Player` (playerId, playerName, position, teamId) VALUES("545","Michael Burton","RB","10");
INSERT INTO `Player` (playerId, playerName, position, teamId) VALUES("546","Luke Willson","TE","27");
INSERT INTO `Player` (playerId, playerName, position, teamId) VALUES("547","Ryan Taylor","TE","15");
INSERT INTO `Player` (playerId, playerName, position, teamId) VALUES("548","Daniel Thomas","RB","5");
INSERT INTO `Player` (playerId, playerName, position, teamId) VALUES("549","Julian Edelman","WR","18");
INSERT INTO `Player` (playerId, playerName, position, teamId) VALUES("550","Marcus Thigpen","WR","3");
INSERT INTO `Player` (playerId, playerName, position, teamId) VALUES("551","Seantavius Jones","WR","19");
INSERT INTO `Player` (playerId, playerName, position, teamId) VALUES("552","Dan Orlovsky","QB","10");
INSERT INTO `Player` (playerId, playerName, position, teamId) VALUES("553","Zach Zenner","RB","10");
INSERT INTO `Player` (playerId, playerName, position, teamId) VALUES("554","David Fluellen","RB","30");
INSERT INTO `Player` (playerId, playerName, position, teamId) VALUES("555","Kapri Bibbs","RB","9");
INSERT INTO `Player` (playerId, playerName, position, teamId) VALUES("556","Dennis Pitta","TE","2");
INSERT INTO `Player` (playerId, playerName, position, teamId) VALUES("557","Trevor Harman","WR","0");
INSERT INTO `Player` (playerId, playerName, position, teamId) VALUES("558","Ify Umodu","WR","5");
INSERT INTO `Player` (playerId, playerName, position, teamId) VALUES("559","Stephen Gostkowski","K","18");
INSERT INTO `Player` (playerId, playerName, position, teamId) VALUES("560","Devin Smith","WR","21");
INSERT INTO `Player` (playerId, playerName, position, teamId) VALUES("561","Jameis Winston","QB","29");
INSERT INTO `Player` (playerId, playerName, position, teamId) VALUES("562","Mike Kafka","QB","17");
INSERT INTO `Player` (playerId, playerName, position, teamId) VALUES("563","Carey Spear","K","7");
INSERT INTO `Player` (playerId, playerName, position, teamId) VALUES("564","Konrad Reuland","TE","2");
INSERT INTO `Player` (playerId, playerName, position, teamId) VALUES("565","George Winn","RB","10");
INSERT INTO `Player` (playerId, playerName, position, teamId) VALUES("566","Darren McFadden","RB","8");
INSERT INTO `Player` (playerId, playerName, position, teamId) VALUES("567","Mason Crosby","K","11");
INSERT INTO `Player` (playerId, playerName, position, teamId) VALUES("568","Roy Helu","RB","22");
INSERT INTO `Player` (playerId, playerName, position, teamId) VALUES("569","Garrett Gilbert","QB","10");
INSERT INTO `Player` (playerId, playerName, position, teamId) VALUES("570","Nick Boyle","TE","2");
INSERT INTO `Player` (playerId, playerName, position, teamId) VALUES("571","Brandin Cooks","WR","19");
INSERT INTO `Player` (playerId, playerName, position, teamId) VALUES("572","Orleans Darkwa","RB","20");
INSERT INTO `Player` (playerId, playerName, position, teamId) VALUES("573","Ryan Grant","WR","31");
INSERT INTO `Player` (playerId, playerName, position, teamId) VALUES("574","Brad Smelley","TE","28");
INSERT INTO `Player` (playerId, playerName, position, teamId) VALUES("575","Cooper Helfet","TE","27");
INSERT INTO `Player` (playerId, playerName, position, teamId) VALUES("576","Joseph Randle","RB","8");
INSERT INTO `Player` (playerId, playerName, position, teamId) VALUES("577","Rashad Greene","WR","14");
INSERT INTO `Player` (playerId, playerName, position, teamId) VALUES("578","MyCole Pruitt","TE","17");
INSERT INTO `Player` (playerId, playerName, position, teamId) VALUES("579","Eli Manning","QB","20");
INSERT INTO `Player` (playerId, playerName, position, teamId) VALUES("580","Matt McGloin","QB","22");
INSERT INTO `Player` (playerId, playerName, position, teamId) VALUES("581","Dion Lewis","RB","18");
INSERT INTO `Player` (playerId, playerName, position, teamId) VALUES("582","Cairo Santos","K","15");
INSERT INTO `Player` (playerId, playerName, position, teamId) VALUES("583","Peyton Manning","QB","9");
INSERT INTO `Player` (playerId, playerName, position, teamId) VALUES("584","Josh Johnson","QB","6");
INSERT INTO `Player` (playerId, playerName, position, teamId) VALUES("585","Marcel Jensen","TE","9");
INSERT INTO `Player` (playerId, playerName, position, teamId) VALUES("586","Juron Criner","WR","20");
INSERT INTO `Player` (playerId, playerName, position, teamId) VALUES("587","Adrian Peterson","RB","17");
INSERT INTO `Player` (playerId, playerName, position, teamId) VALUES("588","Christion Jones","WR","16");
INSERT INTO `Player` (playerId, playerName, position, teamId) VALUES("589","Sammie Coates","WR","24");
INSERT INTO `Player` (playerId, playerName, position, teamId) VALUES("590","Tavarres King","WR","29");
INSERT INTO `Player` (playerId, playerName, position, teamId) VALUES("591","Zach Laskey","RB","28");
INSERT INTO `Player` (playerId, playerName, position, teamId) VALUES("592","Storm Johnson","RB","14");
INSERT INTO `Player` (playerId, playerName, position, teamId) VALUES("593","Malcom Floyd","WR","25");
INSERT INTO `Player` (playerId, playerName, position, teamId) VALUES("594","Tyler Rutenbeck","WR","13");
INSERT INTO `Player` (playerId, playerName, position, teamId) VALUES("595","Randall Cobb","WR","11");
INSERT INTO `Player` (playerId, playerName, position, teamId) VALUES("596","Scott Simonson","TE","4");
INSERT INTO `Player` (playerId, playerName, position, teamId) VALUES("597","Bilal Powell","RB","21");
INSERT INTO `Player` (playerId, playerName, position, teamId) VALUES("598","Marquez Clark","WR","1");
INSERT INTO `Player` (playerId, playerName, position, teamId) VALUES("599","Andrew Peacock","WR","10");
INSERT INTO `Player` (playerId, playerName, position, teamId) VALUES("600","Zach Line","RB","17");
INSERT INTO `Player` (playerId, playerName, position, teamId) VALUES("601","Solomon Patton","WR","9");
INSERT INTO `Player` (playerId, playerName, position, teamId) VALUES("602","Chase Reynolds","RB","28");
INSERT INTO `Player` (playerId, playerName, position, teamId) VALUES("603","Rod Smith","RB","27");
INSERT INTO `Player` (playerId, playerName, position, teamId) VALUES("604","Brandon Bostick","TE","17");
INSERT INTO `Player` (playerId, playerName, position, teamId) VALUES("605","A.J. Derby","TE","18");
INSERT INTO `Player` (playerId, playerName, position, teamId) VALUES("606","Blake Renaud","RB","17");
INSERT INTO `Player` (playerId, playerName, position, teamId) VALUES("607","James Wilder Jr.","RB","6");
INSERT INTO `Player` (playerId, playerName, position, teamId) VALUES("608","Jordan Todman","RB","4");
INSERT INTO `Player` (playerId, playerName, position, teamId) VALUES("609","Gavin Escobar","TE","8");
INSERT INTO `Player` (playerId, playerName, position, teamId) VALUES("610","Gabe Holmes","TE","22");
INSERT INTO `Player` (playerId, playerName, position, teamId) VALUES("611","Steve Johnson","WR","25");
INSERT INTO `Player` (playerId, playerName, position, teamId) VALUES("612","Bernard Reedy","WR","1");
INSERT INTO `Player` (playerId, playerName, position, teamId) VALUES("613","Shakim Phillips","WR","24");
INSERT INTO `Player` (playerId, playerName, position, teamId) VALUES("614","Antonio Gates","TE","25");
INSERT INTO `Player` (playerId, playerName, position, teamId) VALUES("615","Latavius Murray","RB","22");
INSERT INTO `Player` (playerId, playerName, position, teamId) VALUES("616","Josh Brown","K","20");
INSERT INTO `Player` (playerId, playerName, position, teamId) VALUES("617","Tyrell Williams","WR","25");
INSERT INTO `Player` (playerId, playerName, position, teamId) VALUES("618","T.J. Yates","QB","1");
INSERT INTO `Player` (playerId, playerName, position, teamId) VALUES("619","Daniel Rodriguez","WR","28");
INSERT INTO `Player` (playerId, playerName, position, teamId) VALUES("620","Damaris Johnson","WR","12");
INSERT INTO `Player` (playerId, playerName, position, teamId) VALUES("621","Bennie Fowler","WR","9");
INSERT INTO `Player` (playerId, playerName, position, teamId) VALUES("622","Tyrod Taylor","QB","3");
INSERT INTO `Player` (playerId, playerName, position, teamId) VALUES("623","Matt Ryan","QB","1");
INSERT INTO `Player` (playerId, playerName, position, teamId) VALUES("624","Jonathon Rumph","WR","21");
INSERT INTO `Player` (playerId, playerName, position, teamId) VALUES("625","Kai De La Cruz","WR","16");
INSERT INTO `Player` (playerId, playerName, position, teamId) VALUES("626","Ricky Stanzi","QB","20");
INSERT INTO `Player` (playerId, playerName, position, teamId) VALUES("627","Dwayne Bowe","WR","7");
INSERT INTO `Player` (playerId, playerName, position, teamId) VALUES("628","Kelvin Benjamin","WR","4");
INSERT INTO `Player` (playerId, playerName, position, teamId) VALUES("629","Junior Hemingway","WR","15");
INSERT INTO `Player` (playerId, playerName, position, teamId) VALUES("630","Bruce Miller","RB","26");
INSERT INTO `Player` (playerId, playerName, position, teamId) VALUES("631","Josh Hill","TE","19");
INSERT INTO `Player` (playerId, playerName, position, teamId) VALUES("632","Brandon Weeden","QB","8");
INSERT INTO `Player` (playerId, playerName, position, teamId) VALUES("633","Rasheed Bailey","WR","23");
INSERT INTO `Player` (playerId, playerName, position, teamId) VALUES("634","DeMarco Murray","RB","23");
INSERT INTO `Player` (playerId, playerName, position, teamId) VALUES("635","Tre Mason","RB","28");
INSERT INTO `Player` (playerId, playerName, position, teamId) VALUES("636","Trey Watts","RB","28");
INSERT INTO `Player` (playerId, playerName, position, teamId) VALUES("637","Brandon Bolden","RB","18");
INSERT INTO `Player` (playerId, playerName, position, teamId) VALUES("638","Stevan Ridley","RB","21");
INSERT INTO `Player` (playerId, playerName, position, teamId) VALUES("639","Steve Smith","WR","2");
INSERT INTO `Player` (playerId, playerName, position, teamId) VALUES("640","Phil Dawson","K","26");
INSERT INTO `Player` (playerId, playerName, position, teamId) VALUES("641","Tyler Kroft","TE","6");
INSERT INTO `Player` (playerId, playerName, position, teamId) VALUES("642","Robert Herron","WR","29");
INSERT INTO `Player` (playerId, playerName, position, teamId) VALUES("643","Anthony Sherman","RB","15");
INSERT INTO `Player` (playerId, playerName, position, teamId) VALUES("644","Abou Toure","RB","13");
INSERT INTO `Player` (playerId, playerName, position, teamId) VALUES("645","Josh Harris","RB","24");
INSERT INTO `Player` (playerId, playerName, position, teamId) VALUES("646","Titus Davis","WR","25");
INSERT INTO `Player` (playerId, playerName, position, teamId) VALUES("647","Andre Davis","WR","3");
INSERT INTO `Player` (playerId, playerName, position, teamId) VALUES("648","Jerome Cunningham","TE","20");
INSERT INTO `Player` (playerId, playerName, position, teamId) VALUES("649","Matt Hazel","WR","16");
INSERT INTO `Player` (playerId, playerName, position, teamId) VALUES("650","Chandler Harnish","QB","0");
INSERT INTO `Player` (playerId, playerName, position, teamId) VALUES("651","Eric Frohnapfel","TE","25");
INSERT INTO `Player` (playerId, playerName, position, teamId) VALUES("652","Kendall Hunter","RB","26");
INSERT INTO `Player` (playerId, playerName, position, teamId) VALUES("653","Kenny Britt","WR","28");
INSERT INTO `Player` (playerId, playerName, position, teamId) VALUES("654","Chase Ford","TE","17");
INSERT INTO `Player` (playerId, playerName, position, teamId) VALUES("655","Justin Tukes","TE","23");
INSERT INTO `Player` (playerId, playerName, position, teamId) VALUES("656","Gavin Lutman","WR","17");
INSERT INTO `Player` (playerId, playerName, position, teamId) VALUES("657","Paul Richardson","WR","27");
INSERT INTO `Player` (playerId, playerName, position, teamId) VALUES("658","Joseph Morgan","WR","19");
INSERT INTO `Player` (playerId, playerName, position, teamId) VALUES("659","Dontrelle Inman","WR","25");
INSERT INTO `Player` (playerId, playerName, position, teamId) VALUES("660","John Harris","WR","23");
INSERT INTO `Player` (playerId, playerName, position, teamId) VALUES("661","Marcel Reece","RB","22");
INSERT INTO `Player` (playerId, playerName, position, teamId) VALUES("662","Chad Henne","QB","14");
INSERT INTO `Player` (playerId, playerName, position, teamId) VALUES("663","AJ McCarron","QB","6");
INSERT INTO `Player` (playerId, playerName, position, teamId) VALUES("664","T.Y. Hilton","WR","13");
INSERT INTO `Player` (playerId, playerName, position, teamId) VALUES("665","Cameron Artis-Payne","RB","4");
INSERT INTO `Player` (playerId, playerName, position, teamId) VALUES("666","Percy Harvin","WR","3");
INSERT INTO `Player` (playerId, playerName, position, teamId) VALUES("667","Rhett Ellison","TE","17");
INSERT INTO `Player` (playerId, playerName, position, teamId) VALUES("668","Adam Vinatieri","K","13");
INSERT INTO `Player` (playerId, playerName, position, teamId) VALUES("669","James Wright","WR","6");
INSERT INTO `Player` (playerId, playerName, position, teamId) VALUES("670","Ryan Mathews","RB","23");
INSERT INTO `Player` (playerId, playerName, position, teamId) VALUES("671","Greg Little","WR","6");
INSERT INTO `Player` (playerId, playerName, position, teamId) VALUES("672","Corey Acosta","K","26");
INSERT INTO `Player` (playerId, playerName, position, teamId) VALUES("673","Andy Tanner","WR","19");
INSERT INTO `Player` (playerId, playerName, position, teamId) VALUES("674","Taylor Gabriel","WR","7");
INSERT INTO `Player` (playerId, playerName, position, teamId) VALUES("675","Damian Williams","WR","28");
INSERT INTO `Player` (playerId, playerName, position, teamId) VALUES("676","Torrey Smith","WR","26");
INSERT INTO `Player` (playerId, playerName, position, teamId) VALUES("677","Nathan Palmer","WR","9");
INSERT INTO `Player` (playerId, playerName, position, teamId) VALUES("678","Nick Folk","K","21");
INSERT INTO `Player` (playerId, playerName, position, teamId) VALUES("679","Chris Thompson","RB","31");
INSERT INTO `Player` (playerId, playerName, position, teamId) VALUES("680","Patrick Murray","K","29");
INSERT INTO `Player` (playerId, playerName, position, teamId) VALUES("681","Ryan Hewitt","TE","6");
INSERT INTO `Player` (playerId, playerName, position, teamId) VALUES("682","Jarryd Hayne","RB","26");
INSERT INTO `Player` (playerId, playerName, position, teamId) VALUES("683","Lance Lewis","WR","19");
INSERT INTO `Player` (playerId, playerName, position, teamId) VALUES("684","Rajion Neal","RB","11");
INSERT INTO `Player` (playerId, playerName, position, teamId) VALUES("685","Brett Hundley","QB","11");
INSERT INTO `Player` (playerId, playerName, position, teamId) VALUES("686","Freddie Martino","WR","1");
INSERT INTO `Player` (playerId, playerName, position, teamId) VALUES("687","E.J. Bibbs","TE","7");
INSERT INTO `Player` (playerId, playerName, position, teamId) VALUES("688","Lache Seastrunk","RB","8");
INSERT INTO `Player` (playerId, playerName, position, teamId) VALUES("689","Kyle Juszczyk","RB","2");
INSERT INTO `Player` (playerId, playerName, position, teamId) VALUES("690","DaVaris Daniels","WR","17");
INSERT INTO `Player` (playerId, playerName, position, teamId) VALUES("691","Beau Gardner","TE","1");
INSERT INTO `Player` (playerId, playerName, position, teamId) VALUES("692","Travaris Cadet","RB","18");
INSERT INTO `Player` (playerId, playerName, position, teamId) VALUES("693","Cody Parkey","K","23");
INSERT INTO `Player` (playerId, playerName, position, teamId) VALUES("694","Andre Holmes","WR","22");
INSERT INTO `Player` (playerId, playerName, position, teamId) VALUES("695","Dezmin Lewis","WR","3");
INSERT INTO `Player` (playerId, playerName, position, teamId) VALUES("696","Kenny Hilliard","RB","12");
INSERT INTO `Player` (playerId, playerName, position, teamId) VALUES("697","Tyler Bray","QB","15");
INSERT INTO `Player` (playerId, playerName, position, teamId) VALUES("698","Benjamin Watson","TE","19");
INSERT INTO `Player` (playerId, playerName, position, teamId) VALUES("699","Donteea Dye","WR","29");
INSERT INTO `Player` (playerId, playerName, position, teamId) VALUES("700","De'Andre Presley","WR","4");
INSERT INTO `Player` (playerId, playerName, position, teamId) VALUES("701","Andre Johnson","WR","13");
INSERT INTO `Player` (playerId, playerName, position, teamId) VALUES("702","Jeremy Hill","RB","6");
INSERT INTO `Player` (playerId, playerName, position, teamId) VALUES("703","Brandon Marshall","WR","21");
INSERT INTO `Player` (playerId, playerName, position, teamId) VALUES("704","Keenan Allen","WR","25");
INSERT INTO `Player` (playerId, playerName, position, teamId) VALUES("705","Matt Jones","RB","31");
INSERT INTO `Player` (playerId, playerName, position, teamId) VALUES("706","Gerald Christian","TE","0");
INSERT INTO `Player` (playerId, playerName, position, teamId) VALUES("707","Alex Smith","QB","15");
INSERT INTO `Player` (playerId, playerName, position, teamId) VALUES("708","Justin Hunter","WR","30");
INSERT INTO `Player` (playerId, playerName, position, teamId) VALUES("709","Hakeem Nicks","WR","30");
INSERT INTO `Player` (playerId, playerName, position, teamId) VALUES("710","B.J. Daniels","QB","27");
INSERT INTO `Player` (playerId, playerName, position, teamId) VALUES("711","Alex Bayer","TE","28");
INSERT INTO `Player` (playerId, playerName, position, teamId) VALUES("712","Virgil Green","TE","9");
INSERT INTO `Player` (playerId, playerName, position, teamId) VALUES("713","Jeff Tuel","QB","14");
INSERT INTO `Player` (playerId, playerName, position, teamId) VALUES("714","Stephen Morris","QB","14");
INSERT INTO `Player` (playerId, playerName, position, teamId) VALUES("715","Daniel Brown","WR","2");
INSERT INTO `Player` (playerId, playerName, position, teamId) VALUES("716","Trey Millard","RB","26");
INSERT INTO `Player` (playerId, playerName, position, teamId) VALUES("717","Jake Stoneburner","TE","16");
INSERT INTO `Player` (playerId, playerName, position, teamId) VALUES("718","Tom Nelson","WR","2");
INSERT INTO `Player` (playerId, playerName, position, teamId) VALUES("719","Chuck Jacobs","WR","26");
INSERT INTO `Player` (playerId, playerName, position, teamId) VALUES("720","Drew Stanton","QB","0");
INSERT INTO `Player` (playerId, playerName, position, teamId) VALUES("721","Jason Avant","WR","15");
INSERT INTO `Player` (playerId, playerName, position, teamId) VALUES("722","Shaun Suisham","K","24");
INSERT INTO `Player` (playerId, playerName, position, teamId) VALUES("723","Tebucky Jones","WR","30");
INSERT INTO `Player` (playerId, playerName, position, teamId) VALUES("724","Charcandrick West","RB","15");
INSERT INTO `Player` (playerId, playerName, position, teamId) VALUES("725","Jimmy Clausen","QB","5");
INSERT INTO `Player` (playerId, playerName, position, teamId) VALUES("726","Troy Niklas","TE","0");
INSERT INTO `Player` (playerId, playerName, position, teamId) VALUES("727","Thomas Rawls","RB","27");
INSERT INTO `Player` (playerId, playerName, position, teamId) VALUES("728","Kenneth Harper","RB","20");
INSERT INTO `Player` (playerId, playerName, position, teamId) VALUES("729","Reggie Bell","WR","31");
INSERT INTO `Player` (playerId, playerName, position, teamId) VALUES("730","Jeff Maehl","WR","23");
INSERT INTO `Player` (playerId, playerName, position, teamId) VALUES("731","Jeremy Butler","WR","2");
INSERT INTO `Player` (playerId, playerName, position, teamId) VALUES("732","Lee Smith","TE","22");
INSERT INTO `Player` (playerId, playerName, position, teamId) VALUES("733","Charles Sims","RB","29");
INSERT INTO `Player` (playerId, playerName, position, teamId) VALUES("734","Thad Lewis","QB","7");
INSERT INTO `Player` (playerId, playerName, position, teamId) VALUES("735","Jerick McKinnon","RB","17");
INSERT INTO `Player` (playerId, playerName, position, teamId) VALUES("736","Kris Durham","WR","22");
INSERT INTO `Player` (playerId, playerName, position, teamId) VALUES("737","Ezell Ruffin","WR","13");
INSERT INTO `Player` (playerId, playerName, position, teamId) VALUES("738","Ty Montgomery","WR","11");
INSERT INTO `Player` (playerId, playerName, position, teamId) VALUES("739","Brent Celek","TE","23");
INSERT INTO `Player` (playerId, playerName, position, teamId) VALUES("740","Collin Mooney","RB","1");
INSERT INTO `Player` (playerId, playerName, position, teamId) VALUES("741","Jordan Gay","K","3");
INSERT INTO `Player` (playerId, playerName, position, teamId) VALUES("742","Alonzo Harris","RB","11");
INSERT INTO `Player` (playerId, playerName, position, teamId) VALUES("743","Kevin Norwood","WR","27");
INSERT INTO `Player` (playerId, playerName, position, teamId) VALUES("744","Ben Koyack","TE","14");
INSERT INTO `Player` (playerId, playerName, position, teamId) VALUES("745","Randall Telfer","TE","7");
INSERT INTO `Player` (playerId, playerName, position, teamId) VALUES("746","Robbie Gould","K","5");
INSERT INTO `Player` (playerId, playerName, position, teamId) VALUES("747","Khiry Robinson","RB","19");
INSERT INTO `Player` (playerId, playerName, position, teamId) VALUES("748","Jace Amaro","TE","21");
INSERT INTO `Player` (playerId, playerName, position, teamId) VALUES("749","Christian Ponder","QB","22");
INSERT INTO `Player` (playerId, playerName, position, teamId) VALUES("750","Kendall Wright","WR","30");
INSERT INTO `Player` (playerId, playerName, position, teamId) VALUES("751","DeSean Jackson","WR","31");
INSERT INTO `Player` (playerId, playerName, position, teamId) VALUES("752","Bear Pascoe","TE","5");
INSERT INTO `Player` (playerId, playerName, position, teamId) VALUES("753","Joique Bell","RB","10");
INSERT INTO `Player` (playerId, playerName, position, teamId) VALUES("754","Alfred Morris","RB","31");
INSERT INTO `Player` (playerId, playerName, position, teamId) VALUES("755","Malcolm Brown","RB","28");
INSERT INTO `Player` (playerId, playerName, position, teamId) VALUES("756","Logan Thomas","QB","0");
INSERT INTO `Player` (playerId, playerName, position, teamId) VALUES("757","Austin Davis","QB","28");
INSERT INTO `Player` (playerId, playerName, position, teamId) VALUES("758","Trevor Siemian","QB","9");
INSERT INTO `Player` (playerId, playerName, position, teamId) VALUES("759","Amari Cooper","WR","22");
INSERT INTO `Player` (playerId, playerName, position, teamId) VALUES("760","Austin Hill","WR","21");
INSERT INTO `Player` (playerId, playerName, position, teamId) VALUES("761","Aaron Dobson","WR","18");
INSERT INTO `Player` (playerId, playerName, position, teamId) VALUES("762","Doug Baldwin","WR","27");
INSERT INTO `Player` (playerId, playerName, position, teamId) VALUES("763","Douglas McNeil","WR","27");
INSERT INTO `Player` (playerId, playerName, position, teamId) VALUES("764","Brian Hoyer","QB","12");
INSERT INTO `Player` (playerId, playerName, position, teamId) VALUES("765","LeSean McCoy","RB","3");
INSERT INTO `Player` (playerId, playerName, position, teamId) VALUES("766","Danny Amendola","WR","18");
INSERT INTO `Player` (playerId, playerName, position, teamId) VALUES("767","Jermaine Gresham","TE","0");
INSERT INTO `Player` (playerId, playerName, position, teamId) VALUES("768","Tevin Coleman","RB","1");
INSERT INTO `Player` (playerId, playerName, position, teamId) VALUES("769","Mohamed Sanu","WR","6");
INSERT INTO `Player` (playerId, playerName, position, teamId) VALUES("770","Brad Sorensen","QB","25");
INSERT INTO `Player` (playerId, playerName, position, teamId) VALUES("771","Issac Blakeney","WR","26");
INSERT INTO `Player` (playerId, playerName, position, teamId) VALUES("772","Shaun Draughn","RB","7");
INSERT INTO `Player` (playerId, playerName, position, teamId) VALUES("773","Ben Roethlisberger","QB","24");
INSERT INTO `Player` (playerId, playerName, position, teamId) VALUES("774","Blaine Gabbert","QB","26");
INSERT INTO `Player` (playerId, playerName, position, teamId) VALUES("775","Derek Carr","QB","22");
INSERT INTO `Player` (playerId, playerName, position, teamId) VALUES("776","Tyler Clutts","RB","8");
INSERT INTO `Player` (playerId, playerName, position, teamId) VALUES("777","Scott Chandler","TE","18");
INSERT INTO `Player` (playerId, playerName, position, teamId) VALUES("778","Cameron Clear","TE","24");
INSERT INTO `Player` (playerId, playerName, position, teamId) VALUES("779","Miles Austin","WR","23");
INSERT INTO `Player` (playerId, playerName, position, teamId) VALUES("780","James O'Shaughnessy","TE","15");
INSERT INTO `Player` (playerId, playerName, position, teamId) VALUES("781","Jason Myers","K","14");
INSERT INTO `Player` (playerId, playerName, position, teamId) VALUES("782","Robert Hughes","RB","0");
INSERT INTO `Player` (playerId, playerName, position, teamId) VALUES("783","Travis Coons","K","7");
INSERT INTO `Player` (playerId, playerName, position, teamId) VALUES("784","Jamaal Charles","RB","15");
INSERT INTO `Player` (playerId, playerName, position, teamId) VALUES("785","Kyle Brindza","K","10");
INSERT INTO `Player` (playerId, playerName, position, teamId) VALUES("786","C.J. Anderson","RB","9");
INSERT INTO `Player` (playerId, playerName, position, teamId) VALUES("787","Terrell Watson","RB","6");
INSERT INTO `Player` (playerId, playerName, position, teamId) VALUES("788","Jerome Smith","RB","1");
INSERT INTO `Player` (playerId, playerName, position, teamId) VALUES("789","Cam Worthy","WR","2");
INSERT INTO `Player` (playerId, playerName, position, teamId) VALUES("790","Zach Sudfeld","TE","21");
INSERT INTO `Player` (playerId, playerName, position, teamId) VALUES("791","Ryan Lankford","WR","13");
INSERT INTO `Player` (playerId, playerName, position, teamId) VALUES("792","Heath Miller","TE","24");
INSERT INTO `Player` (playerId, playerName, position, teamId) VALUES("793","Ameer Abdullah","RB","10");
INSERT INTO `Player` (playerId, playerName, position, teamId) VALUES("794","Silas Redd","RB","31");
INSERT INTO `Player` (playerId, playerName, position, teamId) VALUES("795","Fitzgerald Toussaint","RB","2");
INSERT INTO `Player` (playerId, playerName, position, teamId) VALUES("796","Mike Nugent","K","6");
INSERT INTO `Player` (playerId, playerName, position, teamId) VALUES("797","Coby Fleener","TE","13");
INSERT INTO `Player` (playerId, playerName, position, teamId) VALUES("798","Ryan Spadola","WR","0");
INSERT INTO `Player` (playerId, playerName, position, teamId) VALUES("799","Eric Weems","WR","1");
INSERT INTO `Player` (playerId, playerName, position, teamId) VALUES("800","Ifeanyi Momah","TE","0");
INSERT INTO `Player` (playerId, playerName, position, teamId) VALUES("801","Deshon Foxx","WR","27");
INSERT INTO `Player` (playerId, playerName, position, teamId) VALUES("802","Melvin Gordon","RB","25");
INSERT INTO `Player` (playerId, playerName, position, teamId) VALUES("803","George Atkinson","RB","22");
INSERT INTO `Player` (playerId, playerName, position, teamId) VALUES("804","Glenn Winston","RB","7");
INSERT INTO `Player` (playerId, playerName, position, teamId) VALUES("805","Cameron Brate","TE","29");
INSERT INTO `Player` (playerId, playerName, position, teamId) VALUES("806","Michael Dyer","RB","22");
INSERT INTO `Player` (playerId, playerName, position, teamId) VALUES("807","Andre Roberts","WR","31");
INSERT INTO `Player` (playerId, playerName, position, teamId) VALUES("808","Desmond Martin","RB","10");
INSERT INTO `Player` (playerId, playerName, position, teamId) VALUES("809","James Starks","RB","11");
INSERT INTO `Player` (playerId, playerName, position, teamId) VALUES("810","Travis Labhart","WR","12");
INSERT INTO `Player` (playerId, playerName, position, teamId) VALUES("811","Austin Pettis","WR","25");
INSERT INTO `Player` (playerId, playerName, position, teamId) VALUES("812","Allen Hurns","WR","14");
INSERT INTO `Player` (playerId, playerName, position, teamId) VALUES("813","Jared Cook","TE","28");
INSERT INTO `Player` (playerId, playerName, position, teamId) VALUES("814","Mario Hull","WR","26");
INSERT INTO `Player` (playerId, playerName, position, teamId) VALUES("815","Geremy Davis","WR","20");
INSERT INTO `Player` (playerId, playerName, position, teamId) VALUES("816","Senorise Perry","RB","5");
INSERT INTO `Player` (playerId, playerName, position, teamId) VALUES("817","Clyde Gates","WR","30");
INSERT INTO `Player` (playerId, playerName, position, teamId) VALUES("818","Lorenzo Taliaferro","RB","2");
INSERT INTO `Player` (playerId, playerName, position, teamId) VALUES("819","Jarred Haggins","WR","10");
INSERT INTO `Player` (playerId, playerName, position, teamId) VALUES("820","Landry Jones","QB","24");
INSERT INTO `Player` (playerId, playerName, position, teamId) VALUES("821","Je'Ron Hamm","TE","31");
INSERT INTO `Player` (playerId, playerName, position, teamId) VALUES("822","Adam Schiltz","TE","15");
INSERT INTO `Player` (playerId, playerName, position, teamId) VALUES("823","Dante Rosario","TE","5");
INSERT INTO `Player` (playerId, playerName, position, teamId) VALUES("824","Connor Shaw","QB","7");
INSERT INTO `Player` (playerId, playerName, position, teamId) VALUES("825","Denarius Moore","WR","6");
INSERT INTO `Player` (playerId, playerName, position, teamId) VALUES("826","Tandon Doss","WR","14");
INSERT INTO `Player` (playerId, playerName, position, teamId) VALUES("827","Greg Jenkins","WR","14");
INSERT INTO `Player` (playerId, playerName, position, teamId) VALUES("828","Blair Walsh","K","17");
INSERT INTO `Player` (playerId, playerName, position, teamId) VALUES("829","Mack Brown","RB","31");
INSERT INTO `Player` (playerId, playerName, position, teamId) VALUES("830","Danny Woodhead","RB","25");
INSERT INTO `Player` (playerId, playerName, position, teamId) VALUES("831","Preston Parker","WR","20");
INSERT INTO `Player` (playerId, playerName, position, teamId) VALUES("832","Brian Vogler","TE","5");
INSERT INTO `Player` (playerId, playerName, position, teamId) VALUES("833","De'Anthony Thomas","WR","15");
INSERT INTO `Player` (playerId, playerName, position, teamId) VALUES("834","Austin Johnson","RB","19");
INSERT INTO `Player` (playerId, playerName, position, teamId) VALUES("835","Luke Stocker","TE","29");
INSERT INTO `Player` (playerId, playerName, position, teamId) VALUES("836","Jacoby Jones","WR","25");
INSERT INTO `Player` (playerId, playerName, position, teamId) VALUES("837","Terrence Franks","RB","28");
INSERT INTO `Player` (playerId, playerName, position, teamId) VALUES("838","Brandon Wegher","RB","4");
INSERT INTO `Player` (playerId, playerName, position, teamId) VALUES("839","Damarr Aultman","WR","16");
INSERT INTO `Player` (playerId, playerName, position, teamId) VALUES("840","Isaiah Crowell","RB","7");
INSERT INTO `Player` (playerId, playerName, position, teamId) VALUES("841","Andrew Hawkins","WR","7");
INSERT INTO `Player` (playerId, playerName, position, teamId) VALUES("842","MarQueis Gray","TE","3");
INSERT INTO `Player` (playerId, playerName, position, teamId) VALUES("843","Todd Gurley","RB","28");
INSERT INTO `Player` (playerId, playerName, position, teamId) VALUES("844","Cody Latimer","WR","9");
INSERT INTO `Player` (playerId, playerName, position, teamId) VALUES("845","Mike Brown","WR","4");
INSERT INTO `Player` (playerId, playerName, position, teamId) VALUES("846","Emory Blake","WR","28");
INSERT INTO `Player` (playerId, playerName, position, teamId) VALUES("847","Charles Johnson","WR","17");
INSERT INTO `Player` (playerId, playerName, position, teamId) VALUES("848","Dylan Thompson","QB","26");
INSERT INTO `Player` (playerId, playerName, position, teamId) VALUES("849","Jesse James","TE","24");
INSERT INTO `Player` (playerId, playerName, position, teamId) VALUES("850","Giovani Bernard","RB","6");
INSERT INTO `Player` (playerId, playerName, position, teamId) VALUES("851","Isaac Fruechte","WR","17");
INSERT INTO `Player` (playerId, playerName, position, teamId) VALUES("852","Bruce Ellington","WR","26");
INSERT INTO `Player` (playerId, playerName, position, teamId) VALUES("853","Stedman Bailey","WR","28");
INSERT INTO `Player` (playerId, playerName, position, teamId) VALUES("854","Blake Annen","TE","5");
INSERT INTO `Player` (playerId, playerName, position, teamId) VALUES("855","Aaron Murray","QB","15");
INSERT INTO `Player` (playerId, playerName, position, teamId) VALUES("856","Arrelious Benn","WR","14");
INSERT INTO `Player` (playerId, playerName, position, teamId) VALUES("857","Aldrick Robinson","WR","2");
INSERT INTO `Player` (playerId, playerName, position, teamId) VALUES("858","Richard Gordon","TE","15");
INSERT INTO `Player` (playerId, playerName, position, teamId) VALUES("859","Terrance West","RB","7");
INSERT INTO `Player` (playerId, playerName, position, teamId) VALUES("860","Andre Ellington","RB","0");
INSERT INTO `Player` (playerId, playerName, position, teamId) VALUES("861","Justin Hardy","WR","1");
INSERT INTO `Player` (playerId, playerName, position, teamId) VALUES("862","Demetrius Wilson","WR","25");
INSERT INTO `Player` (playerId, playerName, position, teamId) VALUES("863","Matt Barkley","QB","23");
INSERT INTO `Player` (playerId, playerName, position, teamId) VALUES("864","Connor Barth","K","9");
INSERT INTO `Player` (playerId, playerName, position, teamId) VALUES("865","Torrence Allen","WR","25");
INSERT INTO `Player` (playerId, playerName, position, teamId) VALUES("866","Caleb Holley","WR","3");
INSERT INTO `Player` (playerId, playerName, position, teamId) VALUES("867","Bryce Brown","RB","3");
INSERT INTO `Player` (playerId, playerName, position, teamId) VALUES("868","Jorvorskie Lane","RB","29");
INSERT INTO `Player` (playerId, playerName, position, teamId) VALUES("869","Devin Street","WR","8");
INSERT INTO `Player` (playerId, playerName, position, teamId) VALUES("870","Jimmy Graham","TE","27");
INSERT INTO `Player` (playerId, playerName, position, teamId) VALUES("871","Matt Blanchard","QB","11");
INSERT INTO `Player` (playerId, playerName, position, teamId) VALUES("872","Shaq Evans","WR","21");
INSERT INTO `Player` (playerId, playerName, position, teamId) VALUES("873","Josh Stewart","WR","30");
INSERT INTO `Player` (playerId, playerName, position, teamId) VALUES("874","Keshawn Martin","WR","12");
INSERT INTO `Player` (playerId, playerName, position, teamId) VALUES("875","Chase Dixon","TE","31");
INSERT INTO `Player` (playerId, playerName, position, teamId) VALUES("876","Kirk Cousins","QB","31");
INSERT INTO `Player` (playerId, playerName, position, teamId) VALUES("877","Julio Jones","WR","1");
INSERT INTO `Player` (playerId, playerName, position, teamId) VALUES("878","A.J. Cruz","WR","5");
INSERT INTO `Player` (playerId, playerName, position, teamId) VALUES("879","Javess Blue","WR","11");
INSERT INTO `Player` (playerId, playerName, position, teamId) VALUES("880","Dominique Brown","RB","29");
INSERT INTO `Player` (playerId, playerName, position, teamId) VALUES("881","Jonathan Stewart","RB","4");
INSERT INTO `Player` (playerId, playerName, position, teamId) VALUES("882","Shaun Hill","QB","17");
INSERT INTO `Player` (playerId, playerName, position, teamId) VALUES("883","Spencer Ware","RB","15");
INSERT INTO `Player` (playerId, playerName, position, teamId) VALUES("884","Tom Obarski","K","6");
INSERT INTO `Player` (playerId, playerName, position, teamId) VALUES("885","Chris Boswell","K","20");
INSERT INTO `Player` (playerId, playerName, position, teamId) VALUES("886","Chris Givens","WR","28");
INSERT INTO `Player` (playerId, playerName, position, teamId) VALUES("887","Justice Cunningham","TE","28");
INSERT INTO `Player` (playerId, playerName, position, teamId) VALUES("888","Daryl Richardson","RB","21");
INSERT INTO `Player` (playerId, playerName, position, teamId) VALUES("889","Andre Debose","WR","22");
INSERT INTO `Player` (playerId, playerName, position, teamId) VALUES("890","Josh Harper","WR","22");
INSERT INTO `Player` (playerId, playerName, position, teamId) VALUES("891","Zach D'Orazio","WR","18");
INSERT INTO `Player` (playerId, playerName, position, teamId) VALUES("892","Josh Scobee","K","14");
INSERT INTO `Player` (playerId, playerName, position, teamId) VALUES("893","DeVante Parker","WR","16");
INSERT INTO `Player` (playerId, playerName, position, teamId) VALUES("894","DeAndre Hopkins","WR","12");
INSERT INTO `Player` (playerId, playerName, position, teamId) VALUES("895","Andy Dalton","QB","6");
INSERT INTO `Player` (playerId, playerName, position, teamId) VALUES("896","Jerricho Cotchery","WR","4");
INSERT INTO `Player` (playerId, playerName, position, teamId) VALUES("897","LaMichael James","RB","16");
INSERT INTO `Player` (playerId, playerName, position, teamId) VALUES("898","Patrick DiMarco","RB","1");
INSERT INTO `Player` (playerId, playerName, position, teamId) VALUES("899","Wes Saxton","TE","21");
INSERT INTO `Player` (playerId, playerName, position, teamId) VALUES("900","Aaron Ripkowski","RB","11");
INSERT INTO `Player` (playerId, playerName, position, teamId) VALUES("901","Jordan Taylor","WR","9");
INSERT INTO `Player` (playerId, playerName, position, teamId) VALUES("902","Lee Ward","RB","4");
INSERT INTO `Player` (playerId, playerName, position, teamId) VALUES("903","Greg Salas","WR","10");
INSERT INTO `Player` (playerId, playerName, position, teamId) VALUES("904","Carlos Hyde","RB","26");
INSERT INTO `Player` (playerId, playerName, position, teamId) VALUES("905","Craig Stevens","TE","30");
INSERT INTO `Player` (playerId, playerName, position, teamId) VALUES("906","Steven Hauschka","K","27");
INSERT INTO `Player` (playerId, playerName, position, teamId) VALUES("907","Owen Daniels","TE","9");
INSERT INTO `Player` (playerId, playerName, position, teamId) VALUES("908","Arian Foster","RB","12");
INSERT INTO `Player` (playerId, playerName, position, teamId) VALUES("909","Kaelin Clay","WR","29");
INSERT INTO `Player` (playerId, playerName, position, teamId) VALUES("910","David Ausberry","TE","10");
INSERT INTO `Player` (playerId, playerName, position, teamId) VALUES("911","Avius Capers","WR","4");
INSERT INTO `Player` (playerId, playerName, position, teamId) VALUES("912","John Brown","WR","0");
INSERT INTO `Player` (playerId, playerName, position, teamId) VALUES("913","DuJuan Harris","RB","17");
INSERT INTO `Player` (playerId, playerName, position, teamId) VALUES("914","Anthony Dixon","RB","3");
INSERT INTO `Player` (playerId, playerName, position, teamId) VALUES("915","Brian Hartline","WR","7");
INSERT INTO `Player` (playerId, playerName, position, teamId) VALUES("916","Kyle Prater","WR","19");
INSERT INTO `Player` (playerId, playerName, position, teamId) VALUES("917","Eric Ebron","TE","10");
INSERT INTO `Player` (playerId, playerName, position, teamId) VALUES("918","Jordy Nelson","WR","11");
INSERT INTO `Player` (playerId, playerName, position, teamId) VALUES("919","Sammy Watkins","WR","3");
INSERT INTO `Player` (playerId, playerName, position, teamId) VALUES("920","Blake Bortles","QB","14");
INSERT INTO `Player` (playerId, playerName, position, teamId) VALUES("921","Delanie Walker","TE","30");
INSERT INTO `Player` (playerId, playerName, position, teamId) VALUES("922","Marc Mariani","WR","5");
INSERT INTO `Player` (playerId, playerName, position, teamId) VALUES("923","Mike Wallace","WR","17");
INSERT INTO `Player` (playerId, playerName, position, teamId) VALUES("924","Sebastian Janikowski","K","22");
INSERT INTO `Player` (playerId, playerName, position, teamId) VALUES("925","Allen Reisner","TE","2");
INSERT INTO `Player` (playerId, playerName, position, teamId) VALUES("926","Sean McGrath","TE","13");
INSERT INTO `Player` (playerId, playerName, position, teamId) VALUES("927","Paul Lasike","RB","0");
INSERT INTO `Player` (playerId, playerName, position, teamId) VALUES("928","Philip Rivers","QB","25");
INSERT INTO `Player` (playerId, playerName, position, teamId) VALUES("929","Tommy Bohanon","RB","21");
INSERT INTO `Player` (playerId, playerName, position, teamId) VALUES("930","Jacquizz Rodgers","RB","5");
INSERT INTO `Player` (playerId, playerName, position, teamId) VALUES("931","Antwan Goodley","WR","8");
INSERT INTO `Player` (playerId, playerName, position, teamId) VALUES("932","Brittan Golden","WR","0");
INSERT INTO `Player` (playerId, playerName, position, teamId) VALUES("933","Kerwynn Williams","RB","0");
INSERT INTO `Player` (playerId, playerName, position, teamId) VALUES("934","Chris Owusu","WR","21");
INSERT INTO `Player` (playerId, playerName, position, teamId) VALUES("935","Chase Coffman","TE","30");
INSERT INTO `Player` (playerId, playerName, position, teamId) VALUES("936","Jacoby Ford","WR","30");
INSERT INTO `Player` (playerId, playerName, position, teamId) VALUES("937","Montee Ball","RB","9");
INSERT INTO `Player` (playerId, playerName, position, teamId) VALUES("938","Ka'Deem Carey","RB","5");
INSERT INTO `Player` (playerId, playerName, position, teamId) VALUES("939","Devonta Freeman","RB","1");
INSERT INTO `Player` (playerId, playerName, position, teamId) VALUES("940","Alfred Blue","RB","12");
INSERT INTO `Player` (playerId, playerName, position, teamId) VALUES("941","Michael Campanaro","WR","2");
INSERT INTO `Player` (playerId, playerName, position, teamId) VALUES("942","Andrew Luck","QB","13");
INSERT INTO `Player` (playerId, playerName, position, teamId) VALUES("943","Anthony Denham","TE","12");
INSERT INTO `Player` (playerId, playerName, position, teamId) VALUES("944","Matt Forte","RB","5");
INSERT INTO `Player` (playerId, playerName, position, teamId) VALUES("945","Darrius Heyward-Bey","WR","24");
INSERT INTO `Player` (playerId, playerName, position, teamId) VALUES("946","Mike Gillislee","RB","16");
INSERT INTO `Player` (playerId, playerName, position, teamId) VALUES("947","John Chiles","WR","5");
INSERT INTO `Player` (playerId, playerName, position, teamId) VALUES("948","Jerome Felton","RB","3");
INSERT INTO `Player` (playerId, playerName, position, teamId) VALUES("949","Matt Cassel","QB","3");
INSERT INTO `Player` (playerId, playerName, position, teamId) VALUES("950","Asante Cleveland","TE","26");
INSERT INTO `Player` (playerId, playerName, position, teamId) VALUES("951","Malcome Kennedy","WR","19");
INSERT INTO `Player` (playerId, playerName, position, teamId) VALUES("952","Terrance Williams","WR","8");
INSERT INTO `Player` (playerId, playerName, position, teamId) VALUES("953","Antone Smith","RB","1");
INSERT INTO `Player` (playerId, playerName, position, teamId) VALUES("954","Jordan Thompson","TE","10");
INSERT INTO `Player` (playerId, playerName, position, teamId) VALUES("955","Giorgio Tavecchio","K","22");
INSERT INTO `Player` (playerId, playerName, position, teamId) VALUES("956","Stefon Diggs","WR","17");
INSERT INTO `Player` (playerId, playerName, position, teamId) VALUES("957","Niles Paul","TE","31");
INSERT INTO `Player` (playerId, playerName, position, teamId) VALUES("958","Matt Schaub","QB","2");
INSERT INTO `Player` (playerId, playerName, position, teamId) VALUES("959","Alex Tanney","QB","30");
INSERT INTO `Player` (playerId, playerName, position, teamId) VALUES("960","Joe Flacco","QB","2");
INSERT INTO `Player` (playerId, playerName, position, teamId) VALUES("961","Tobais Palmer","WR","3");
INSERT INTO `Player` (playerId, playerName, position, teamId) VALUES("962","Justin Brown","WR","3");
INSERT INTO `Player` (playerId, playerName, position, teamId) VALUES("963","Matt Asiata","RB","17");
INSERT INTO `Player` (playerId, playerName, position, teamId) VALUES("964","James Develin","RB","18");
INSERT INTO `Player` (playerId, playerName, position, teamId) VALUES("965","Connor Hamlett","TE","14");
INSERT INTO `Player` (playerId, playerName, position, teamId) VALUES("966","Garrett Grayson","QB","19");
INSERT INTO `Player` (playerId, playerName, position, teamId) VALUES("967","Jamize Olawale","RB","22");
